x,y,posMix,collisionProbabilityPct
49,0,80,0.6988525390625
99,0,42,0.7049560546875
149,0,44,0.6988525390625
199,0,118,0.7049560546875
249,0,200,0.6988525390625
299,0,18,0.7049560546875
349,0,148,0.6988525390625
399,0,110,0.7049560546875
449,0,64,0.6988525390625
499,0,90,0.7049560546875
37,1,239,0.8880615234375
87,1,207,0.8880615234375
137,1,103,0.8880615234375
187,1,119,0.8880615234375
237,1,223,0.8880615234375
287,1,63,0.8880615234375
337,1,199,0.8880615234375
387,1,23,0.8880615234375
437,1,175,0.8880615234375
487,1,207,0.8880615234375
25,2,16,0.6988525390625
75,2,242,0.7049560546875
125,2,132,0.6988525390625
175,2,14,0.7049560546875
225,2,232,0.6988525390625
275,2,202,0.7049560546875
325,2,124,0.6988525390625
375,2,102,0.7049560546875
425,2,32,0.6988525390625
475,2,162,0.7049560546875
13,3,55,0.8880615234375
63,3,131,0.8880615234375
113,3,151,0.8880615234375
163,3,43,0.8880615234375
213,3,103,0.8880615234375
263,3,115,0.8880615234375
313,3,135,0.8880615234375
363,3,235,0.8880615234375
413,3,119,0.8880615234375
463,3,99,0.8880615234375
1,4,24,0.6988525390625
51,4,170,0.7049560546875
101,4,204,0.6988525390625
151,4,174,0.7049560546875
201,4,128,0.6988525390625
251,4,18,0.7049560546875
301,4,36,0.6988525390625
351,4,166,0.7049560546875
401,4,104,0.6988525390625
451,4,122,0.7049560546875
501,4,252,0.6988525390625
39,5,127,0.8880615234375
89,5,31,0.8880615234375
139,5,39,0.8880615234375
189,5,119,0.8880615234375
239,5,207,0.8880615234375
289,5,111,0.8880615234375
339,5,135,0.8880615234375
389,5,119,0.8880615234375
439,5,31,0.8880615234375
489,5,63,0.8880615234375
27,6,194,0.7049560546875
77,6,228,0.6988525390625
127,6,150,0.7049560546875
177,6,64,0.6988525390625
227,6,138,0.7049560546875
277,6,76,0.6988525390625
327,6,158,0.7049560546875
377,6,168,0.6988525390625
427,6,210,0.7049560546875
477,6,148,0.6988525390625
15,7,91,0.8880615234375
65,7,79,0.8880615234375
115,7,51,0.8880615234375
165,7,191,0.8880615234375
215,7,187,0.8880615234375
265,7,47,0.8880615234375
315,7,227,0.8880615234375
365,7,255,0.8880615234375
415,7,91,0.8880615234375
465,7,47,0.8880615234375
3,8,154,0.7049560546875
53,8,12,0.6988525390625
103,8,54,0.7049560546875
153,8,168,0.6988525390625
203,8,146,0.7049560546875
253,8,4,0.6988525390625
303,8,126,0.7049560546875
353,8,112,0.6988525390625
403,8,234,0.7049560546875
453,8,156,0.6988525390625
503,8,70,0.7049560546875
41,9,7,0.8880615234375
91,9,39,0.8880615234375
141,9,79,0.8880615234375
191,9,63,0.8880615234375
241,9,103,0.8880615234375
291,9,231,0.8880615234375
341,9,223,0.8880615234375
391,9,47,0.8880615234375
441,9,71,0.8880615234375
491,9,39,0.8880615234375
29,10,52,0.6988525390625
79,10,94,0.7049560546875
129,10,8,0.6988525390625
179,10,58,0.7049560546875
229,10,252,0.6988525390625
279,10,6,0.7049560546875
329,10,144,0.6988525390625
379,10,98,0.7049560546875
429,10,36,0.6988525390625
479,10,46,0.7049560546875
17,11,215,0.8880615234375
67,11,235,0.8880615234375
117,11,135,0.8880615234375
167,11,67,0.8880615234375
217,11,135,0.8880615234375
267,11,75,0.8880615234375
317,11,151,0.8880615234375
367,11,147,0.8880615234375
417,11,215,0.8880615234375
467,11,75,0.8880615234375
5,12,76,0.6988525390625
55,12,94,0.7049560546875
105,12,16,0.6988525390625
155,12,146,0.7049560546875
205,12,84,0.6988525390625
255,12,102,0.7049560546875
305,12,232,0.6988525390625
355,12,170,0.7049560546875
405,12,156,0.6988525390625
455,12,238,0.7049560546875
505,12,192,0.6988525390625
43,13,87,0.8880615234375
93,13,247,0.8880615234375
143,13,207,0.8880615234375
193,13,95,0.8880615234375
243,13,87,0.8880615234375
293,13,151,0.8880615234375
343,13,31,0.8880615234375
393,13,79,0.8880615234375
443,13,119,0.8880615234375
493,13,215,0.8880615234375
31,14,182,0.7049560546875
81,14,240,0.6988525390625
131,14,218,0.7049560546875
181,14,172,0.6988525390625
231,14,238,0.7049560546875
281,14,104,0.6988525390625
331,14,82,0.7049560546875
381,14,196,0.6988525390625
431,14,166,0.7049560546875
481,14,128,0.6988525390625
19,15,131,0.8880615234375
69,15,207,0.8880615234375
119,15,155,0.8880615234375
169,15,159,0.8880615234375
219,15,83,0.8880615234375
269,15,207,0.8880615234375
319,15,59,0.8880615234375
369,15,31,0.8880615234375
419,15,227,0.8880615234375
469,15,111,0.8880615234375
7,16,150,0.7049560546875
57,16,40,0.6988525390625
107,16,178,0.7049560546875
157,16,20,0.6988525390625
207,16,238,0.7049560546875
257,16,32,0.6988525390625
307,16,250,0.7049560546875
357,16,188,0.6988525390625
407,16,198,0.7049560546875
457,16,88,0.6988525390625
507,16,34,0.7049560546875
45,17,63,0.8880615234375
95,17,63,0.8880615234375
145,17,135,0.8880615234375
195,17,87,0.8880615234375
245,17,111,0.8880615234375
295,17,239,0.8880615234375
345,17,167,0.8880615234375
395,17,215,0.8880615234375
445,17,159,0.8880615234375
495,17,223,0.8880615234375
33,18,72,0.6988525390625
83,18,202,0.7049560546875
133,18,252,0.6988525390625
183,18,102,0.7049560546875
233,18,128,0.6988525390625
283,18,226,0.7049560546875
333,18,244,0.6988525390625
383,18,158,0.7049560546875
433,18,56,0.6988525390625
483,18,154,0.7049560546875
21,19,231,0.8880615234375
71,19,179,0.8880615234375
121,19,7,0.8880615234375
171,19,11,0.8880615234375
221,19,151,0.8880615234375
271,19,131,0.8880615234375
321,19,55,0.8880615234375
371,19,43,0.8880615234375
421,19,199,0.8880615234375
471,19,51,0.8880615234375
9,20,224,0.6988525390625
59,20,178,0.7049560546875
109,20,4,0.6988525390625
159,20,38,0.7049560546875
209,20,200,0.6988525390625
259,20,90,0.7049560546875
309,20,188,0.6988525390625
359,20,94,0.7049560546875
409,20,112,0.6988525390625
459,20,194,0.7049560546875
509,20,244,0.6988525390625
47,21,175,0.8880615234375
97,21,47,0.8880615234375
147,21,231,0.8880615234375
197,21,23,0.8880615234375
247,21,223,0.8880615234375
297,21,95,0.8880615234375
347,21,7,0.8880615234375
397,21,183,0.8880615234375
447,21,239,0.8880615234375
497,21,239,0.8880615234375
35,22,138,0.7049560546875
85,22,108,0.6988525390625
135,22,126,0.7049560546875
185,22,136,0.6988525390625
235,22,50,0.7049560546875
285,22,148,0.6988525390625
335,22,198,0.7049560546875
385,22,176,0.6988525390625
435,22,250,0.7049560546875
485,22,60,0.6988525390625
23,23,123,0.8880615234375
73,23,239,0.8880615234375
123,23,195,0.8880615234375
173,23,95,0.8880615234375
223,23,155,0.8880615234375
273,23,239,0.8880615234375
323,23,243,0.8880615234375
373,23,159,0.8880615234375
423,23,187,0.8880615234375
473,23,143,0.8880615234375
11,24,242,0.7049560546875
61,24,164,0.6988525390625
111,24,30,0.7049560546875
161,24,112,0.6988525390625
211,24,106,0.7049560546875
261,24,220,0.6988525390625
311,24,198,0.7049560546875
361,24,88,0.6988525390625
411,24,2,0.7049560546875
461,24,244,0.6988525390625
511,24,238,0.7049560546875
49,25,103,0.8880615234375
99,25,199,0.8880615234375
149,25,127,0.8880615234375
199,25,143,0.8880615234375
249,25,135,0.8880615234375
299,25,7,0.8880615234375
349,25,15,0.8880615234375
399,25,159,0.8880615234375
449,25,167,0.8880615234375
499,25,71,0.8880615234375
37,26,124,0.6988525390625
87,26,198,0.7049560546875
137,26,16,0.6988525390625
187,26,226,0.7049560546875
237,26,68,0.6988525390625
287,26,238,0.7049560546875
337,26,152,0.6988525390625
387,26,10,0.7049560546875
437,26,12,0.6988525390625
487,26,118,0.7049560546875
25,27,7,0.8880615234375
75,27,235,0.8880615234375
125,27,247,0.8880615234375
175,27,19,0.8880615234375
225,27,55,0.8880615234375
275,27,107,0.8880615234375
325,27,39,0.8880615234375
375,27,67,0.8880615234375
425,27,39,0.8880615234375
475,27,139,0.8880615234375
13,28,212,0.6988525390625
63,28,102,0.7049560546875
113,28,136,0.6988525390625
163,28,234,0.7049560546875
213,28,220,0.6988525390625
263,28,174,0.7049560546875
313,28,32,0.6988525390625
363,28,98,0.7049560546875
413,28,100,0.6988525390625
463,28,182,0.7049560546875
1,29,191,0.8880615234375
51,29,151,0.8880615234375
101,29,247,0.8880615234375
151,29,31,0.8880615234375
201,29,143,0.8880615234375
251,29,183,0.8880615234375
301,29,55,0.8880615234375
351,29,175,0.8880615234375
401,29,31,0.8880615234375
451,29,247,0.8880615234375
501,29,23,0.8880615234375
39,30,110,0.7049560546875
89,30,200,0.6988525390625
139,30,114,0.7049560546875
189,30,164,0.6988525390625
239,30,166,0.7049560546875
289,30,96,0.6988525390625
339,30,234,0.7049560546875
389,30,252,0.6988525390625
439,30,126,0.7049560546875
489,30,120,0.6988525390625
27,31,83,0.8880615234375
77,31,143,0.8880615234375
127,31,123,0.8880615234375
177,31,191,0.8880615234375
227,31,131,0.8880615234375
277,31,47,0.8880615234375
327,31,91,0.8880615234375
377,31,127,0.8880615234375
427,31,211,0.8880615234375
477,31,47,0.8880615234375
15,32,174,0.7049560546875
65,32,128,0.6988525390625
115,32,90,0.7049560546875
165,32,252,0.6988525390625
215,32,198,0.7049560546875
265,32,152,0.6988525390625
315,32,226,0.7049560546875
365,32,196,0.6988525390625
415,32,222,0.7049560546875
465,32,240,0.6988525390625
3,33,87,0.8880615234375
53,33,239,0.8880615234375
103,33,15,0.8880615234375
153,33,103,0.8880615234375
203,33,87,0.8880615234375
253,33,63,0.8880615234375
303,33,95,0.8880615234375
353,33,7,0.8880615234375
403,33,55,0.8880615234375
453,33,239,0.8880615234375
503,33,15,0.8880615234375
41,34,32,0.6988525390625
91,34,98,0.7049560546875
141,34,244,0.6988525390625
191,34,254,0.7049560546875
241,34,120,0.6988525390625
291,34,122,0.7049560546875
341,34,236,0.6988525390625
391,34,214,0.7049560546875
441,34,48,0.6988525390625
491,34,210,0.7049560546875
29,35,183,0.8880615234375
79,35,227,0.8880615234375
129,35,23,0.8880615234375
179,35,139,0.8880615234375
229,35,135,0.8880615234375
279,35,115,0.8880615234375
329,35,231,0.8880615234375
379,35,203,0.8880615234375
429,35,119,0.8880615234375
479,35,131,0.8880615234375
17,36,104,0.6988525390625
67,36,186,0.7049560546875
117,36,124,0.6988525390625
167,36,190,0.7049560546875
217,36,112,0.6988525390625
267,36,2,0.7049560546875
317,36,52,0.6988525390625
367,36,150,0.7049560546875
417,36,248,0.6988525390625
467,36,10,0.7049560546875
5,37,183,0.8880615234375
55,37,95,0.8880615234375
105,37,127,0.8880615234375
155,37,167,0.8880615234375
205,37,151,0.8880615234375
255,37,207,0.8880615234375
305,37,175,0.8880615234375
355,37,7,0.8880615234375
405,37,23,0.8880615234375
455,37,191,0.8880615234375
505,37,159,0.8880615234375
43,38,82,0.7049560546875
93,38,84,0.6988525390625
143,38,134,0.7049560546875
193,38,240,0.6988525390625
243,38,154,0.7049560546875
293,38,60,0.6988525390625
343,38,142,0.7049560546875
393,38,88,0.6988525390625
443,38,98,0.7049560546875
493,38,132,0.6988525390625
31,39,155,0.8880615234375
81,39,239,0.8880615234375
131,39,115,0.8880615234375
181,39,127,0.8880615234375
231,39,251,0.8880615234375
281,39,143,0.8880615234375
331,39,67,0.8880615234375
381,39,191,0.8880615234375
431,39,91,0.8880615234375
481,39,143,0.8880615234375
19,40,170,0.7049560546875
69,40,92,0.6988525390625
119,40,198,0.7049560546875
169,40,216,0.6988525390625
219,40,66,0.7049560546875
269,40,52,0.6988525390625
319,40,46,0.7049560546875
369,40,128,0.6988525390625
419,40,186,0.7049560546875
469,40,172,0.6988525390625
7,41,47,0.8880615234375
57,41,199,0.8880615234375
107,41,39,0.8880615234375
157,41,143,0.8880615234375
207,41,159,0.8880615234375
257,41,39,0.8880615234375
307,41,103,0.8880615234375
357,41,127,0.8880615234375
407,41,239,0.8880615234375
457,41,7,0.8880615234375
507,41,103,0.8880615234375
45,42,164,0.6988525390625
95,42,110,0.7049560546875
145,42,216,0.6988525390625
195,42,138,0.7049560546875
245,42,236,0.6988525390625
295,42,86,0.7049560546875
345,42,32,0.6988525390625
395,42,114,0.7049560546875
445,42,148,0.6988525390625
495,42,190,0.7049560546875
33,43,87,0.8880615234375
83,43,139,0.8880615234375
133,43,231,0.8880615234375
183,43,163,0.8880615234375
233,43,167,0.8880615234375
283,43,235,0.8880615234375
333,43,87,0.8880615234375
383,43,147,0.8880615234375
433,43,23,0.8880615234375
483,43,235,0.8880615234375
21,44,92,0.6988525390625
71,44,174,0.7049560546875
121,44,128,0.6988525390625
171,44,34,0.7049560546875
221,44,68,0.6988525390625
271,44,22,0.7049560546875
321,44,248,0.6988525390625
371,44,26,0.7049560546875
421,44,44,0.6988525390625
471,44,254,0.7049560546875
9,45,207,0.8880615234375
59,45,247,0.8880615234375
109,45,87,0.8880615234375
159,45,79,0.8880615234375
209,45,63,0.8880615234375
259,45,183,0.8880615234375
309,45,183,0.8880615234375
359,45,63,0.8880615234375
409,45,207,0.8880615234375
459,45,23,0.8880615234375
509,45,119,0.8880615234375
47,46,102,0.7049560546875
97,46,192,0.6988525390625
147,46,42,0.7049560546875
197,46,252,0.6988525390625
247,46,158,0.7049560546875
297,46,184,0.6988525390625
347,46,34,0.7049560546875
397,46,84,0.6988525390625
447,46,86,0.7049560546875
497,46,16,0.6988525390625
35,47,227,0.8880615234375
85,47,47,0.8880615234375
135,47,155,0.8880615234375
185,47,223,0.8880615234375
235,47,211,0.8880615234375
285,47,175,0.8880615234375
335,47,251,0.8880615234375
385,47,31,0.8880615234375
435,47,131,0.8880615234375
485,47,143,0.8880615234375
23,48,70,0.7049560546875
73,48,152,0.6988525390625
123,48,226,0.7049560546875
173,48,228,0.6988525390625
223,48,190,0.7049560546875
273,48,240,0.6988525390625
323,48,74,0.7049560546875
373,48,236,0.6988525390625
423,48,54,0.7049560546875
473,48,8,0.6988525390625
11,49,23,0.8880615234375
61,49,159,0.8880615234375
111,49,159,0.8880615234375
161,49,199,0.8880615234375
211,49,119,0.8880615234375
261,49,111,0.8880615234375
311,49,175,0.8880615234375
361,49,39,0.8880615234375
411,49,247,0.8880615234375
461,49,191,0.8880615234375
511,49,255,0.8880615234375
49,50,184,0.6988525390625
99,50,154,0.7049560546875
149,50,12,0.6988525390625
199,50,246,0.7049560546875
249,50,240,0.6988525390625
299,50,114,0.7049560546875
349,50,132,0.6988525390625
399,50,174,0.7049560546875
449,50,168,0.6988525390625
499,50,234,0.7049560546875
37,51,199,0.8880615234375
87,51,51,0.8880615234375
137,51,231,0.8880615234375
187,51,107,0.8880615234375
237,51,23,0.8880615234375
287,51,35,0.8880615234375
337,51,183,0.8880615234375
387,51,203,0.8880615234375
437,51,167,0.8880615234375
487,51,179,0.8880615234375
25,52,112,0.6988525390625
75,52,66,0.7049560546875
125,52,116,0.6988525390625
175,52,54,0.7049560546875
225,52,120,0.6988525390625
275,52,202,0.7049560546875
325,52,76,0.6988525390625
375,52,206,0.7049560546875
425,52,192,0.6988525390625
475,52,82,0.7049560546875
13,53,247,0.8880615234375
63,53,239,0.8880615234375
113,53,175,0.8880615234375
163,53,39,0.8880615234375
213,53,119,0.8880615234375
263,53,191,0.8880615234375
313,53,127,0.8880615234375
363,53,135,0.8880615234375
413,53,23,0.8880615234375
463,53,239,0.8880615234375
1,54,48,0.6988525390625
51,54,186,0.7049560546875
101,54,188,0.6988525390625
151,54,206,0.7049560546875
201,54,152,0.6988525390625
251,54,98,0.7049560546875
301,54,164,0.6988525390625
351,54,86,0.7049560546875
401,54,128,0.6988525390625
451,54,170,0.7049560546875
501,54,204,0.6988525390625
39,55,187,0.8880615234375
89,55,143,0.8880615234375
139,55,35,0.8880615234375
189,55,223,0.8880615234375
239,55,219,0.8880615234375
289,55,15,0.8880615234375
339,55,179,0.8880615234375
389,55,31,0.8880615234375
439,55,123,0.8880615234375
489,55,47,0.8880615234375
27,56,130,0.7049560546875
77,56,116,0.6988525390625
127,56,46,0.7049560546875
177,56,32,0.6988525390625
227,56,154,0.7049560546875
277,56,140,0.6988525390625
327,56,246,0.7049560546875
377,56,104,0.6988525390625
427,56,82,0.7049560546875
477,56,4,0.6988525390625
15,57,223,0.8880615234375
65,57,231,0.8880615234375
115,57,135,0.8880615234375
165,57,159,0.8880615234375
215,57,207,0.8880615234375
265,57,71,0.8880615234375
315,57,199,0.8880615234375
365,57,79,0.8880615234375
415,57,127,0.8880615234375
465,57,231,0.8880615234375
3,58,10,0.7049560546875
53,58,76,0.6988525390625
103,58,54,0.7049560546875
153,58,64,0.6988525390625
203,58,18,0.7049560546875
253,58,20,0.6988525390625
303,58,222,0.7049560546875
353,58,72,0.6988525390625
403,58,186,0.7049560546875
453,58,92,0.6988525390625
503,58,102,0.7049560546875
41,59,231,0.8880615234375
91,59,75,0.8880615234375
141,59,119,0.8880615234375
191,59,211,0.8880615234375
241,59,55,0.8880615234375
291,59,203,0.8880615234375
341,59,7,0.8880615234375
391,59,227,0.8880615234375
441,59,199,0.8880615234375
491,59,235,0.8880615234375
29,60,228,0.6988525390625
79,60,118,0.7049560546875
129,60,120,0.6988525390625
179,60,250,0.7049560546875
229,60,204,0.6988525390625
279,60,30,0.7049560546875
329,60,176,0.6988525390625
379,60,18,0.7049560546875
429,60,116,0.6988525390625
479,60,6,0.7049560546875
17,61,159,0.8880615234375
67,61,119,0.8880615234375
117,61,23,0.8880615234375
167,61,63,0.8880615234375
217,61,143,0.8880615234375
267,61,151,0.8880615234375
317,61,215,0.8880615234375
367,61,175,0.8880615234375
417,61,63,0.8880615234375
467,61,87,0.8880615234375
5,62,252,0.6988525390625
55,62,190,0.7049560546875
105,62,248,0.6988525390625
155,62,162,0.7049560546875
205,62,20,0.6988525390625
255,62,118,0.7049560546875
305,62,144,0.6988525390625
355,62,154,0.7049560546875
405,62,44,0.6988525390625
455,62,78,0.7049560546875
505,62,40,0.6988525390625
43,63,19,0.8880615234375
93,63,111,0.8880615234375
143,63,59,0.8880615234375
193,63,127,0.8880615234375
243,63,163,0.8880615234375
293,63,79,0.8880615234375
343,63,219,0.8880615234375
393,63,63,0.8880615234375
443,63,211,0.8880615234375
493,63,207,0.8880615234375
31,64,94,0.7049560546875
81,64,240,0.6988525390625
131,64,138,0.7049560546875
181,64,76,0.6988525390625
231,64,150,0.7049560546875
281,64,104,0.6988525390625
331,64,178,0.7049560546875
381,64,116,0.6988525390625
431,64,14,0.7049560546875
481,64,160,0.6988525390625
19,65,55,0.8880615234375
69,65,47,0.8880615234375
119,65,207,0.8880615234375
169,65,39,0.8880615234375
219,65,183,0.8880615234375
269,65,95,0.8880615234375
319,65,127,0.8880615234375
369,65,199,0.8880615234375
419,65,151,0.8880615234375
469,65,239,0.8880615234375
7,66,214,0.7049560546875
57,66,176,0.6988525390625
107,66,210,0.7049560546875
157,66,100,0.6988525390625
207,66,110,0.7049560546875
257,66,136,0.6988525390625
307,66,234,0.7049560546875
357,66,92,0.6988525390625
407,66,6,0.7049560546875
457,66,64,0.6988525390625
507,66,2,0.7049560546875
45,67,183,0.8880615234375
95,67,195,0.8880615234375
145,67,87,0.8880615234375
195,67,43,0.8880615234375
245,67,103,0.8880615234375
295,67,115,0.8880615234375
345,67,199,0.8880615234375
395,67,235,0.8880615234375
445,67,119,0.8880615234375
495,67,99,0.8880615234375
33,68,248,0.6988525390625
83,68,138,0.7049560546875
133,68,236,0.6988525390625
183,68,78,0.7049560546875
233,68,224,0.6988525390625
283,68,50,0.7049560546875
333,68,4,0.6988525390625
383,68,134,0.7049560546875
433,68,136,0.6988525390625
483,68,26,0.7049560546875
21,69,23,0.8880615234375
71,69,63,0.8880615234375
121,69,31,0.8880615234375
171,69,231,0.8880615234375
221,69,55,0.8880615234375
271,69,207,0.8880615234375
321,69,47,0.8880615234375
371,69,135,0.8880615234375
421,69,183,0.8880615234375
471,69,31,0.8880615234375
9,70,152,0.6988525390625
59,70,162,0.7049560546875
109,70,68,0.6988525390625
159,70,182,0.7049560546875
209,70,32,0.6988525390625
259,70,234,0.7049560546875
309,70,236,0.6988525390625
359,70,190,0.7049560546875
409,70,200,0.6988525390625
459,70,178,0.7049560546875
509,70,244,0.6988525390625
47,71,27,0.8880615234375
97,71,143,0.8880615234375
147,71,179,0.8880615234375
197,71,63,0.8880615234375
247,71,187,0.8880615234375
297,71,47,0.8880615234375
347,71,99,0.8880615234375
397,71,127,0.8880615234375
447,71,27,0.8880615234375
497,71,47,0.8880615234375
35,72,250,0.7049560546875
85,72,172,0.6988525390625
135,72,150,0.7049560546875
185,72,8,0.6988525390625
235,72,114,0.7049560546875
285,72,100,0.6988525390625
335,72,222,0.7049560546875
385,72,208,0.6988525390625
435,72,138,0.7049560546875
485,72,124,0.6988525390625
23,73,239,0.8880615234375
73,73,135,0.8880615234375
123,73,231,0.8880615234375
173,73,79,0.8880615234375
223,73,255,0.8880615234375
273,73,39,0.8880615234375
323,73,39,0.8880615234375
373,73,223,0.8880615234375
423,73,111,0.8880615234375
473,73,71,0.8880615234375
11,74,50,0.7049560546875
61,74,84,0.6988525390625
111,74,126,0.7049560546875
161,74,168,0.6988525390625
211,74,90,0.7049560546875
261,74,156,0.6988525390625
311,74,102,0.7049560546875
361,74,48,0.6988525390625
411,74,66,0.7049560546875
461,74,68,0.6988525390625
511,74,206,0.7049560546875
49,75,23,0.8880615234375
99,75,235,0.8880615234375
149,75,71,0.8880615234375
199,75,131,0.8880615234375
249,75,71,0.8880615234375
299,75,139,0.8880615234375
349,75,215,0.8880615234375
399,75,83,0.8880615234375
449,75,23,0.8880615234375
499,75,11,0.8880615234375
37,76,172,0.6988525390625
87,76,62,0.7049560546875
137,76,48,0.6988525390625
187,76,178,0.7049560546875
237,76,52,0.6988525390625
287,76,134,0.7049560546875
337,76,200,0.6988525390625
387,76,138,0.7049560546875
437,76,188,0.6988525390625
487,76,142,0.7049560546875
25,77,79,0.8880615234375
75,77,87,0.8880615234375
125,77,55,0.8880615234375
175,77,79,0.8880615234375
225,77,223,0.8880615234375
275,77,215,0.8880615234375
325,77,151,0.8880615234375
375,77,31,0.8880615234375
425,77,207,0.8880615234375
475,77,55,0.8880615234375
13,78,20,0.6988525390625
63,78,86,0.7049560546875
113,78,80,0.6988525390625
163,78,122,0.7049560546875
213,78,140,0.6988525390625
263,78,14,0.7049560546875
313,78,8,0.6988525390625
363,78,242,0.7049560546875
413,78,100,0.6988525390625
463,78,70,0.7049560546875
1,79,31,0.8880615234375
51,79,67,0.8880615234375
101,79,15,0.8880615234375
151,79,219,0.8880615234375
201,79,95,0.8880615234375
251,79,147,0.8880615234375
301,79,143,0.8880615234375
351,79,59,0.8880615234375
401,79,95,0.8880615234375
451,79,99,0.8880615234375
501,79,239,0.8880615234375
39,80,246,0.7049560546875
89,80,200,0.6988525390625
139,80,18,0.7049560546875
189,80,180,0.6988525390625
239,80,14,0.7049560546875
289,80,64,0.6988525390625
339,80,26,0.7049560546875
389,80,28,0.6988525390625
439,80,102,0.7049560546875
489,80,184,0.6988525390625
27,81,119,0.8880615234375
77,81,127,0.8880615234375
127,81,255,0.8880615234375
177,81,7,0.8880615234375
227,81,87,0.8880615234375
277,81,47,0.8880615234375
327,81,47,0.8880615234375
377,81,103,0.8880615234375
427,81,215,0.8880615234375
477,81,31,0.8880615234375
15,82,238,0.7049560546875
65,82,168,0.6988525390625
115,82,170,0.7049560546875
165,82,220,0.6988525390625
215,82,70,0.7049560546875
265,82,96,0.6988525390625
315,82,2,0.7049560546875
365,82,212,0.6988525390625
415,82,62,0.7049560546875
465,82,152,0.6988525390625
3,83,139,0.8880615234375
53,83,231,0.8880615234375
103,83,51,0.8880615234375
153,83,199,0.8880615234375
203,83,75,0.8880615234375
253,83,87,0.8880615234375
303,83,195,0.8880615234375
353,83,183,0.8880615234375
403,83,171,0.8880615234375
453,83,7,0.8880615234375
503,83,51,0.8880615234375
41,84,0,0.6988525390625
91,84,210,0.7049560546875
141,84,228,0.6988525390625
191,84,6,0.7049560546875
241,84,232,0.6988525390625
291,84,186,0.7049560546875
341,84,220,0.6988525390625
391,84,126,0.7049560546875
441,84,80,0.6988525390625
491,84,162,0.7049560546875
29,85,23,0.8880615234375
79,85,239,0.8880615234375
129,85,111,0.8880615234375
179,85,167,0.8880615234375
229,85,23,0.8880615234375
279,85,95,0.8880615234375
329,85,95,0.8880615234375
379,85,7,0.8880615234375
429,85,119,0.8880615234375
479,85,175,0.8880615234375
17,86,64,0.6988525390625
67,86,106,0.7049560546875
117,86,140,0.6988525390625
167,86,222,0.7049560546875
217,86,168,0.6988525390625
267,86,18,0.7049560546875
317,86,116,0.6988525390625
367,86,38,0.7049560546875
417,86,144,0.6988525390625
467,86,90,0.7049560546875
5,87,159,0.8880615234375
55,87,251,0.8880615234375
105,87,111,0.8880615234375
155,87,131,0.8880615234375
205,87,159,0.8880615234375
255,87,219,0.8880615234375
305,87,111,0.8880615234375
355,87,115,0.8880615234375
405,87,223,0.8880615234375
455,87,59,0.8880615234375
505,87,207,0.8880615234375
43,88,82,0.7049560546875
93,88,68,0.6988525390625
143,88,126,0.7049560546875
193,88,208,0.6988525390625
243,88,202,0.7049560546875
293,88,188,0.6988525390625
343,88,38,0.7049560546875
393,88,56,0.6988525390625
443,88,162,0.7049560546875
493,88,84,0.6988525390625
31,89,127,0.8880615234375
81,89,167,0.8880615234375
131,89,71,0.8880615234375
181,89,191,0.8880615234375
231,89,15,0.8880615234375
281,89,7,0.8880615234375
331,89,135,0.8880615234375
381,89,143,0.8880615234375
431,89,31,0.8880615234375
481,89,103,0.8880615234375
19,90,122,0.7049560546875
69,90,156,0.6988525390625
119,90,166,0.7049560546875
169,90,112,0.6988525390625
219,90,194,0.7049560546875
269,90,100,0.6988525390625
319,90,14,0.7049560546875
369,90,120,0.6988525390625
419,90,170,0.7049560546875
469,90,172,0.6988525390625
7,91,99,0.8880615234375
57,91,71,0.8880615234375
107,91,235,0.8880615234375
157,91,247,0.8880615234375
207,91,83,0.8880615234375
257,91,55,0.8880615234375
307,91,107,0.8880615234375
357,91,39,0.8880615234375
407,91,131,0.8880615234375
457,91,167,0.8880615234375
507,91,75,0.8880615234375
45,92,244,0.6988525390625
95,92,6,0.7049560546875
145,92,104,0.6988525390625
195,92,202,0.7049560546875
245,92,252,0.6988525390625
295,92,142,0.7049560546875
345,92,64,0.6988525390625
395,92,130,0.7049560546875
445,92,68,0.6988525390625
495,92,150,0.7049560546875
33,93,127,0.8880615234375
83,93,151,0.8880615234375
133,93,55,0.8880615234375
183,93,31,0.8880615234375
233,93,143,0.8880615234375
283,93,119,0.8880615234375
333,93,119,0.8880615234375
383,93,239,0.8880615234375
433,93,31,0.8880615234375
483,93,55,0.8880615234375
21,94,44,0.6988525390625
71,94,206,0.7049560546875
121,94,40,0.6988525390625
171,94,18,0.7049560546875
221,94,132,0.6988525390625
271,94,134,0.7049560546875
321,94,0,0.6988525390625
371,94,10,0.7049560546875
421,94,156,0.6988525390625
471,94,222,0.7049560546875
9,95,255,0.8880615234375
59,95,19,0.8880615234375
109,95,207,0.8880615234375
159,95,251,0.8880615234375
209,95,191,0.8880615234375
259,95,195,0.8880615234375
309,95,175,0.8880615234375
359,95,155,0.8880615234375
409,95,255,0.8880615234375
459,95,19,0.8880615234375
509,95,175,0.8880615234375
47,96,14,0.7049560546875
97,96,32,0.6988525390625
147,96,58,0.7049560546875
197,96,28,0.6988525390625
247,96,102,0.7049560546875
297,96,56,0.6988525390625
347,96,2,0.7049560546875
397,96,164,0.6988525390625
447,96,126,0.7049560546875
497,96,80,0.6988525390625
35,97,215,0.8880615234375
85,97,47,0.8880615234375
135,97,143,0.8880615234375
185,97,167,0.8880615234375
235,97,215,0.8880615234375
285,97,127,0.8880615234375
335,97,95,0.8880615234375
385,97,135,0.8880615234375
435,97,119,0.8880615234375
485,97,175,0.8880615234375
23,98,134,0.7049560546875
73,98,128,0.6988525390625
123,98,2,0.7049560546875
173,98,20,0.6988525390625
223,98,158,0.7049560546875
273,98,88,0.6988525390625
323,98,90,0.7049560546875
373,98,140,0.6988525390625
423,98,54,0.7049560546875
473,98,144,0.6988525390625
11,99,235,0.8880615234375
61,99,55,0.8880615234375
111,99,227,0.8880615234375
161,99,87,0.8880615234375
211,99,203,0.8880615234375
261,99,71,0.8880615234375
311,99,115,0.8880615234375
361,99,231,0.8880615234375
411,99,11,0.8880615234375
461,99,119,0.8880615234375
511,99,67,0.8880615234375
49,100,72,0.6988525390625
99,100,154,0.7049560546875
149,100,156,0.6988525390625
199,100,222,0.7049560546875
249,100,80,0.6988525390625
299,100,34,0.7049560546875
349,100,20,0.6988525390625
399,100,118,0.7049560546875
449,100,152,0.6988525390625
499,100,42,0.7049560546875
37,101,119,0.8880615234375
87,101,223,0.8880615234375
137,101,191,0.8880615234375
187,101,231,0.8880615234375
237,101,151,0.8880615234375
287,101,207,0.8880615234375
337,101,239,0.8880615234375
387,101,7,0.8880615234375
437,101,23,0.8880615234375
487,101,255,0.8880615234375
25,102,136,0.6988525390625
75,102,242,0.7049560546875
125,102,244,0.6988525390625
175,102,102,0.7049560546875
225,102,16,0.6988525390625
275,102,186,0.7049560546875
325,102,28,0.6988525390625
375,102,238,0.7049560546875
425,102,56,0.6988525390625
475,102,130,0.7049560546875
13,103,191,0.8880615234375
63,103,91,0.8880615234375
113,103,111,0.8880615234375
163,103,243,0.8880615234375
213,103,255,0.8880615234375
263,103,123,0.8880615234375
313,103,79,0.8880615234375
363,103,131,0.8880615234375
413,103,63,0.8880615234375
463,103,155,0.8880615234375
1,104,16,0.6988525390625
51,104,10,0.7049560546875
101,104,252,0.6988525390625
151,104,166,0.7049560546875
201,104,56,0.6988525390625
251,104,34,0.7049560546875
301,104,148,0.6988525390625
351,104,142,0.7049560546875
401,104,224,0.6988525390625
451,104,90,0.7049560546875
501,104,12,0.6988525390625
39,105,111,0.8880615234375
89,105,71,0.8880615234375
139,105,103,0.8880615234375
189,105,15,0.8880615234375
239,105,31,0.8880615234375
289,105,103,0.8880615234375
339,105,167,0.8880615234375
389,105,63,0.8880615234375
439,105,47,0.8880615234375
489,105,135,0.8880615234375
27,106,194,0.7049560546875
77,106,4,0.6988525390625
127,106,78,0.7049560546875
177,106,56,0.6988525390625
227,106,106,0.7049560546875
277,106,204,0.6988525390625
327,106,118,0.7049560546875
377,106,128,0.6988525390625
427,106,146,0.7049560546875
477,106,116,0.6988525390625
15,107,19,0.8880615234375
65,107,23,0.8880615234375
115,107,75,0.8880615234375
165,107,231,0.8880615234375
215,107,163,0.8880615234375
265,107,39,0.8880615234375
315,107,235,0.8880615234375
365,107,23,0.8880615234375
415,107,211,0.8880615234375
465,107,87,0.8880615234375
3,108,10,0.7049560546875
53,108,60,0.6988525390625
103,108,142,0.7049560546875
153,108,160,0.6988525390625
203,108,66,0.7049560546875
253,108,164,0.6988525390625
303,108,54,0.7049560546875
353,108,216,0.6988525390625
403,108,250,0.7049560546875
453,108,76,0.6988525390625
503,108,30,0.7049560546875
41,109,207,0.8880615234375
91,109,55,0.8880615234375
141,109,215,0.8880615234375
191,109,207,0.8880615234375
241,109,127,0.8880615234375
291,109,119,0.8880615234375
341,109,247,0.8880615234375
391,109,255,0.8880615234375
441,109,79,0.8880615234375
491,109,23,0.8880615234375
29,110,100,0.6988525390625
79,110,198,0.7049560546875
129,110,96,0.6988525390625
179,110,10,0.7049560546875
229,110,28,0.6988525390625
279,110,126,0.7049560546875
329,110,152,0.6988525390625
379,110,2,0.7049560546875
429,110,52,0.6988525390625
479,110,182,0.7049560546875
17,111,223,0.8880615234375
67,111,99,0.8880615234375
117,111,47,0.8880615234375
167,111,91,0.8880615234375
217,111,31,0.8880615234375
267,111,147,0.8880615234375
317,111,175,0.8880615234375
367,111,123,0.8880615234375
417,111,223,0.8880615234375
467,111,195,0.8880615234375
5,112,220,0.6988525390625
55,112,166,0.7049560546875
105,112,56,0.6988525390625
155,112,66,0.7049560546875
205,112,4,0.6988525390625
255,112,222,0.7049560546875
305,112,16,0.6988525390625
355,112,234,0.7049560546875
405,112,76,0.6988525390625
455,112,214,0.7049560546875
505,112,104,0.6988525390625
43,113,151,0.8880615234375
93,113,31,0.8880615234375
143,113,31,0.8880615234375
193,113,199,0.8880615234375
243,113,55,0.8880615234375
293,113,175,0.8880615234375
343,113,111,0.8880615234375
393,113,103,0.8880615234375
443,113,55,0.8880615234375
493,113,127,0.8880615234375
31,114,126,0.7049560546875
81,114,88,0.6988525390625
131,114,58,0.7049560546875
181,114,172,0.6988525390625
231,114,150,0.7049560546875
281,114,16,0.6988525390625
331,114,82,0.7049560546875
381,114,36,0.6988525390625
431,114,14,0.7049560546875
481,114,72,0.6988525390625
19,115,43,0.8880615234375
69,115,135,0.8880615234375
119,115,179,0.8880615234375
169,115,231,0.8880615234375
219,115,107,0.8880615234375
269,115,87,0.8880615234375
319,115,163,0.8880615234375
369,115,55,0.8880615234375
419,115,11,0.8880615234375
469,115,167,0.8880615234375
7,116,62,0.7049560546875
57,116,16,0.6988525390625
107,116,98,0.7049560546875
157,116,84,0.6988525390625
207,116,22,0.7049560546875
257,116,152,0.6988525390625
307,116,170,0.7049560546875
357,116,108,0.6988525390625
407,116,238,0.7049560546875
457,116,160,0.6988525390625
507,116,178,0.7049560546875
45,117,183,0.8880615234375
95,117,47,0.8880615234375
145,117,111,0.8880615234375
195,117,103,0.8880615234375
245,117,183,0.8880615234375
295,117,127,0.8880615234375
345,117,191,0.8880615234375
395,117,135,0.8880615234375
445,117,23,0.8880615234375
495,117,47,0.8880615234375
33,118,208,0.6988525390625
83,118,218,0.7049560546875
133,118,156,0.6988525390625
183,118,110,0.7049560546875
233,118,248,0.6988525390625
283,118,2,0.7049560546875
333,118,196,0.6988525390625
383,118,246,0.7049560546875
433,118,160,0.6988525390625
483,118,202,0.7049560546875
21,119,223,0.8880615234375
71,119,187,0.8880615234375
121,119,207,0.8880615234375
171,119,35,0.8880615234375
221,119,31,0.8880615234375
271,119,155,0.8880615234375
321,119,207,0.8880615234375
371,119,179,0.8880615234375
421,119,223,0.8880615234375
471,119,251,0.8880615234375
9,120,184,0.6988525390625
59,120,98,0.7049560546875
109,120,20,0.6988525390625
159,120,142,0.7049560546875
209,120,128,0.6988525390625
259,120,250,0.7049560546875
309,120,108,0.6988525390625
359,120,86,0.7049560546875
409,120,200,0.6988525390625
459,120,242,0.7049560546875
509,120,100,0.6988525390625
47,121,223,0.8880615234375
97,121,167,0.8880615234375
147,121,7,0.8880615234375
197,121,31,0.8880615234375
247,121,207,0.8880615234375
297,121,71,0.8880615234375
347,121,71,0.8880615234375
397,121,207,0.8880615234375
447,121,191,0.8880615234375
497,121,167,0.8880615234375
35,122,106,0.7049560546875
85,122,44,0.6988525390625
135,122,86,0.7049560546875
185,122,96,0.6988525390625
235,122,178,0.7049560546875
285,122,116,0.6988525390625
335,122,190,0.7049560546875
385,122,104,0.6988525390625
435,122,26,0.7049560546875
485,122,60,0.6988525390625
23,123,195,0.8880615234375
73,123,231,0.8880615234375
123,123,139,0.8880615234375
173,123,119,0.8880615234375
223,123,147,0.8880615234375
273,123,55,0.8880615234375
323,123,139,0.8880615234375
373,123,199,0.8880615234375
423,123,227,0.8880615234375
473,123,135,0.8880615234375
11,124,2,0.7049560546875
61,124,132,0.6988525390625
111,124,150,0.7049560546875
161,124,88,0.6988525390625
211,124,218,0.7049560546875
261,124,236,0.6988525390625
311,124,126,0.7049560546875
361,124,80,0.6988525390625
411,124,50,0.7049560546875
461,124,84,0.6988525390625
511,124,230,0.7049560546875
49,125,159,0.8880615234375
99,125,183,0.8880615234375
149,125,23,0.8880615234375
199,125,127,0.8880615234375
249,125,143,0.8880615234375
299,125,151,0.8880615234375
349,125,215,0.8880615234375
399,125,111,0.8880615234375
449,125,127,0.8880615234375
499,125,215,0.8880615234375
37,126,92,0.6988525390625
87,126,222,0.7049560546875
137,126,152,0.6988525390625
187,126,130,0.7049560546875
237,126,52,0.6988525390625
287,126,22,0.7049560546875
337,126,240,0.6988525390625
387,126,122,0.7049560546875
437,126,12,0.6988525390625
487,126,238,0.7049560546875
25,127,63,0.8880615234375
75,127,83,0.8880615234375
125,127,239,0.8880615234375
175,127,59,0.8880615234375
225,127,255,0.8880615234375
275,127,35,0.8880615234375
325,127,143,0.8880615234375
375,127,155,0.8880615234375
425,127,63,0.8880615234375
475,127,19,0.8880615234375
13,128,164,0.6988525390625
63,128,190,0.7049560546875
113,128,144,0.6988525390625
163,128,106,0.7049560546875
213,128,236,0.6988525390625
263,128,54,0.7049560546875
313,128,136,0.6988525390625
363,128,210,0.7049560546875
413,128,212,0.6988525390625
463,128,174,0.7049560546875
1,129,7,0.8880615234375
51,129,247,0.8880615234375
101,129,111,0.8880615234375
151,129,79,0.8880615234375
201,129,231,0.8880615234375
251,129,247,0.8880615234375
301,129,95,0.8880615234375
351,129,63,0.8880615234375
401,129,71,0.8880615234375
451,129,23,0.8880615234375
501,129,175,0.8880615234375
39,130,246,0.7049560546875
89,130,80,0.6988525390625
139,130,50,0.7049560546875
189,130,68,0.6988525390625
239,130,78,0.7049560546875
289,130,40,0.6988525390625
339,130,138,0.7049560546875
389,130,188,0.6988525390625
439,130,166,0.7049560546875
489,130,96,0.6988525390625
27,131,203,0.8880615234375
77,131,183,0.8880615234375
127,131,3,0.8880615234375
177,131,23,0.8880615234375
227,131,171,0.8880615234375
277,131,103,0.8880615234375
327,131,115,0.8880615234375
377,131,7,0.8880615234375
427,131,235,0.8880615234375
477,131,119,0.8880615234375
15,132,182,0.7049560546875
65,132,216,0.6988525390625
115,132,106,0.7049560546875
165,132,140,0.6988525390625
215,132,110,0.7049560546875
265,132,192,0.6988525390625
315,132,82,0.7049560546875
365,132,228,0.6988525390625
415,132,230,0.7049560546875
465,132,168,0.6988525390625
3,133,71,0.8880615234375
53,133,23,0.8880615234375
103,133,255,0.8880615234375
153,133,31,0.8880615234375
203,133,39,0.8880615234375
253,133,247,0.8880615234375
303,133,79,0.8880615234375
353,133,239,0.8880615234375
403,133,135,0.8880615234375
453,133,247,0.8880615234375
503,133,31,0.8880615234375
41,134,184,0.6988525390625
91,134,130,0.7049560546875
141,134,36,0.6988525390625
191,134,214,0.7049560546875
241,134,0,0.6988525390625
291,134,74,0.7049560546875
341,134,12,0.6988525390625
391,134,94,0.7049560546875
441,134,104,0.6988525390625
491,134,146,0.7049560546875
29,135,255,0.8880615234375
79,135,91,0.8880615234375
129,135,79,0.8880615234375
179,135,179,0.8880615234375
229,135,63,0.8880615234375
279,135,59,0.8880615234375
329,135,175,0.8880615234375
379,135,227,0.8880615234375
429,135,255,0.8880615234375
479,135,91,0.8880615234375
17,136,224,0.6988525390625
67,136,90,0.7049560546875
117,136,204,0.6988525390625
167,136,118,0.7049560546875
217,136,104,0.6988525390625
267,136,210,0.7049560546875
317,136,196,0.6988525390625
367,136,190,0.7049560546875
417,136,48,0.6988525390625
467,136,42,0.7049560546875
5,137,255,0.8880615234375
55,137,175,0.8880615234375
105,137,7,0.8880615234375
155,137,39,0.8880615234375
205,137,207,0.8880615234375
255,137,63,0.8880615234375
305,137,231,0.8880615234375
355,137,103,0.8880615234375
405,137,95,0.8880615234375
455,137,47,0.8880615234375
505,137,199,0.8880615234375
43,138,146,0.7049560546875
93,138,116,0.6988525390625
143,138,158,0.7049560546875
193,138,72,0.6988525390625
243,138,122,0.7049560546875
293,138,60,0.6988525390625
343,138,70,0.7049560546875
393,138,80,0.6988525390625
443,138,34,0.7049560546875
493,138,100,0.6988525390625
31,139,19,0.8880615234375
81,139,215,0.8880615234375
131,139,235,0.8880615234375
181,139,7,0.8880615234375
231,139,67,0.8880615234375
281,139,7,0.8880615234375
331,139,75,0.8880615234375
381,139,23,0.8880615234375
431,139,19,0.8880615234375
481,139,215,0.8880615234375
19,140,186,0.7049560546875
69,140,140,0.6988525390625
119,140,30,0.7049560546875
169,140,80,0.6988525390625
219,140,82,0.7049560546875
269,140,20,0.6988525390625
319,140,166,0.7049560546875
369,140,40,0.6988525390625
419,140,234,0.7049560546875
469,140,92,0.6988525390625
7,141,255,0.8880615234375
57,141,79,0.8880615234375
107,141,215,0.8880615234375
157,141,119,0.8880615234375
207,141,79,0.8880615234375
257,141,223,0.8880615234375
307,141,215,0.8880615234375
357,141,151,0.8880615234375
407,141,31,0.8880615234375
457,141,207,0.8880615234375
507,141,247,0.8880615234375
45,142,52,0.6988525390625
95,142,246,0.7049560546875
145,142,48,0.6988525390625
195,142,154,0.7049560546875
245,142,108,0.6988525390625
295,142,46,0.7049560546875
345,142,40,0.6988525390625
395,142,146,0.7049560546875
445,142,132,0.6988525390625
495,142,230,0.7049560546875
33,143,223,0.8880615234375
83,143,3,0.8880615234375
133,143,207,0.8880615234375
183,143,27,0.8880615234375
233,143,31,0.8880615234375
283,143,83,0.8880615234375
333,143,207,0.8880615234375
383,143,187,0.8880615234375
433,143,159,0.8880615234375
483,143,227,0.8880615234375
21,144,140,0.6988525390625
71,144,86,0.7049560546875
121,144,104,0.6988525390625
171,144,242,0.7049560546875
221,144,212,0.6988525390625
271,144,174,0.7049560546875
321,144,224,0.6988525390625
371,144,186,0.7049560546875
421,144,252,0.6988525390625
471,144,6,0.7049560546875
9,145,39,0.8880615234375
59,145,55,0.8880615234375
109,145,63,0.8880615234375
159,145,63,0.8880615234375
209,145,135,0.8880615234375
259,145,215,0.8880615234375
309,145,239,0.8880615234375
359,145,111,0.8880615234375
409,145,167,0.8880615234375
459,145,87,0.8880615234375
509,145,159,0.8880615234375
47,146,142,0.7049560546875
97,146,8,0.6988525390625
147,146,10,0.7049560546875
197,146,188,0.6988525390625
247,146,166,0.7049560546875
297,146,64,0.6988525390625
347,146,162,0.7049560546875
397,146,52,0.6988525390625
447,146,222,0.7049560546875
497,146,248,0.6988525390625
35,147,203,0.8880615234375
85,147,231,0.8880615234375
135,147,51,0.8880615234375
185,147,135,0.8880615234375
235,147,139,0.8880615234375
285,147,23,0.8880615234375
335,147,3,0.8880615234375
385,147,183,0.8880615234375
435,147,171,0.8880615234375
485,147,199,0.8880615234375
23,148,46,0.7049560546875
73,148,32,0.6988525390625
123,148,242,0.7049560546875
173,148,196,0.6988525390625
223,148,230,0.7049560546875
273,148,136,0.6988525390625
323,148,154,0.7049560546875
373,148,252,0.6988525390625
423,148,30,0.7049560546875
473,148,176,0.6988525390625
11,149,199,0.8880615234375
61,149,23,0.8880615234375
111,149,175,0.8880615234375
161,149,47,0.8880615234375
211,149,103,0.8880615234375
261,149,23,0.8880615234375
311,149,95,0.8880615234375
361,149,223,0.8880615234375
411,149,7,0.8880615234375
461,149,183,0.8880615234375
511,149,111,0.8880615234375
49,150,160,0.6988525390625
99,150,202,0.7049560546875
149,150,172,0.6988525390625
199,150,62,0.7049560546875
249,150,72,0.6988525390625
299,150,114,0.7049560546875
349,150,212,0.6988525390625
399,150,6,0.7049560546875
449,150,240,0.6988525390625
499,150,58,0.7049560546875
37,151,95,0.8880615234375
87,151,123,0.8880615234375
137,151,239,0.8880615234375
187,151,195,0.8880615234375
237,151,95,0.8880615234375
287,151,27,0.8880615234375
337,151,239,0.8880615234375
387,151,243,0.8880615234375
437,151,31,0.8880615234375
487,151,59,0.8880615234375
25,152,136,0.6988525390625
75,152,50,0.7049560546875
125,152,228,0.6988525390625
175,152,222,0.7049560546875
225,152,176,0.6988525390625
275,152,42,0.7049560546875
325,152,28,0.6988525390625
375,152,134,0.7049560546875
425,152,152,0.6988525390625
475,152,194,0.7049560546875
13,153,207,0.8880615234375
63,153,63,0.8880615234375
113,153,231,0.8880615234375
163,153,71,0.8880615234375
213,153,255,0.8880615234375
263,153,143,0.8880615234375
313,153,135,0.8880615234375
363,153,7,0.8880615234375
413,153,15,0.8880615234375
463,153,159,0.8880615234375
1,154,232,0.6988525390625
51,154,26,0.7049560546875
101,154,60,0.6988525390625
151,154,6,0.7049560546875
201,154,80,0.6988525390625
251,154,34,0.7049560546875
301,154,4,0.6988525390625
351,154,174,0.7049560546875
401,154,88,0.6988525390625
451,154,74,0.7049560546875
501,154,204,0.6988525390625
39,155,99,0.8880615234375
89,155,135,0.8880615234375
139,155,235,0.8880615234375
189,155,247,0.8880615234375
239,155,147,0.8880615234375
289,155,183,0.8880615234375
339,155,107,0.8880615234375
389,155,167,0.8880615234375
439,155,67,0.8880615234375
489,155,167,0.8880615234375
27,156,242,0.7049560546875
77,156,20,0.6988525390625
127,156,38,0.7049560546875
177,156,72,0.6988525390625
227,156,42,0.7049560546875
277,156,156,0.6988525390625
327,156,110,0.7049560546875
377,156,96,0.6988525390625
427,156,162,0.7049560546875
477,156,164,0.6988525390625
15,157,111,0.8880615234375
65,157,191,0.8880615234375
115,157,151,0.8880615234375
165,157,119,0.8880615234375
215,157,31,0.8880615234375
265,157,143,0.8880615234375
315,157,183,0.8880615234375
365,157,55,0.8880615234375
415,157,175,0.8880615234375
465,157,31,0.8880615234375
3,158,186,0.7049560546875
53,158,76,0.6988525390625
103,158,174,0.7049560546875
153,158,8,0.6988525390625
203,158,50,0.7049560546875
253,158,100,0.6988525390625
303,158,230,0.7049560546875
353,158,32,0.6988525390625
403,158,42,0.7049560546875
453,158,188,0.6988525390625
503,158,190,0.7049560546875
41,159,127,0.8880615234375
91,159,83,0.8880615234375
141,159,15,0.8880615234375
191,159,123,0.8880615234375
241,159,63,0.8880615234375
291,159,3,0.8880615234375
341,159,175,0.8880615234375
391,159,91,0.8880615234375
441,159,127,0.8880615234375
491,159,211,0.8880615234375
29,160,20,0.6988525390625
79,160,110,0.7049560546875
129,160,192,0.6988525390625
179,160,154,0.7049560546875
229,160,188,0.6988525390625
279,160,134,0.7049560546875
329,160,88,0.6988525390625
379,160,162,0.7049560546875
429,160,4,0.6988525390625
479,160,30,0.7049560546875
17,161,199,0.8880615234375
67,161,215,0.8880615234375
117,161,111,0.8880615234375
167,161,15,0.8880615234375
217,161,231,0.8880615234375
267,161,215,0.8880615234375
317,161,63,0.8880615234375
367,161,223,0.8880615234375
417,161,7,0.8880615234375
467,161,55,0.8880615234375
5,162,188,0.6988525390625
55,162,102,0.7049560546875
105,162,224,0.6988525390625
155,162,162,0.7049560546875
205,162,180,0.6988525390625
255,162,62,0.7049560546875
305,162,56,0.6988525390625
355,162,186,0.7049560546875
405,162,44,0.6988525390625
455,162,150,0.7049560546875
505,162,240,0.6988525390625
43,163,235,0.8880615234375
93,163,55,0.8880615234375
143,163,227,0.8880615234375
193,163,151,0.8880615234375
243,163,11,0.8880615234375
293,163,7,0.8880615234375
343,163,115,0.8880615234375
393,163,231,0.8880615234375
443,163,203,0.8880615234375
493,163,119,0.8880615234375
31,164,166,0.7049560546875
81,164,168,0.6988525390625
131,164,250,0.7049560546875
181,164,188,0.6988525390625
231,164,254,0.7049560546875
281,164,48,0.6988525390625
331,164,194,0.7049560546875
381,164,116,0.6988525390625
431,164,86,0.7049560546875
481,164,184,0.6988525390625
19,165,199,0.8880615234375
69,165,183,0.8880615234375
119,165,223,0.8880615234375
169,165,255,0.8880615234375
219,165,167,0.8880615234375
269,165,151,0.8880615234375
319,165,79,0.8880615234375
369,165,175,0.8880615234375
419,165,7,0.8880615234375
469,165,23,0.8880615234375
7,166,222,0.7049560546875
57,166,232,0.6988525390625
107,166,146,0.7049560546875
157,166,20,0.6988525390625
207,166,198,0.7049560546875
257,166,48,0.6988525390625
307,166,218,0.7049560546875
357,166,252,0.6988525390625
407,166,78,0.7049560546875
457,166,24,0.6988525390625
507,166,162,0.7049560546875
45,167,63,0.8880615234375
95,167,27,0.8880615234375
145,167,239,0.8880615234375
195,167,115,0.8880615234375
245,167,127,0.8880615234375
295,167,251,0.8880615234375
345,167,15,0.8880615234375
395,167,67,0.8880615234375
445,167,63,0.8880615234375
495,167,91,0.8880615234375
33,168,176,0.6988525390625
83,168,106,0.7049560546875
133,168,28,0.6988525390625
183,168,6,0.7049560546875
233,168,152,0.6988525390625
283,168,130,0.7049560546875
333,168,244,0.6988525390625
383,168,110,0.7049560546875
433,168,64,0.6988525390625
483,168,250,0.7049560546875
21,169,95,0.8880615234375
71,169,47,0.8880615234375
121,169,71,0.8880615234375
171,169,39,0.8880615234375
221,169,143,0.8880615234375
271,169,159,0.8880615234375
321,169,39,0.8880615234375
371,169,231,0.8880615234375
421,169,255,0.8880615234375
471,169,111,0.8880615234375
9,170,144,0.6988525390625
59,170,226,0.7049560546875
109,170,100,0.6988525390625
159,170,46,0.7049560546875
209,170,152,0.6988525390625
259,170,74,0.7049560546875
309,170,172,0.6988525390625
359,170,150,0.7049560546875
409,170,96,0.6988525390625
459,170,50,0.7049560546875
509,170,84,0.6988525390625
47,171,211,0.8880615234375
97,171,87,0.8880615234375
147,171,11,0.8880615234375
197,171,231,0.8880615234375
247,171,35,0.8880615234375
297,171,39,0.8880615234375
347,171,235,0.8880615234375
397,171,87,0.8880615234375
447,171,19,0.8880615234375
497,171,151,0.8880615234375
35,172,42,0.7049560546875
85,172,28,0.6988525390625
135,172,238,0.7049560546875
185,172,64,0.6988525390625
235,172,98,0.7049560546875
285,172,132,0.6988525390625
335,172,214,0.7049560546875
385,172,184,0.6988525390625
435,172,218,0.7049560546875
485,172,108,0.6988525390625
23,173,95,0.8880615234375
73,173,79,0.8880615234375
123,173,119,0.8880615234375
173,173,215,0.8880615234375
223,173,207,0.8880615234375
273,173,63,0.8880615234375
323,173,183,0.8880615234375
373,173,183,0.8880615234375
423,173,63,0.8880615234375
473,173,79,0.8880615234375
11,174,146,0.7049560546875
61,174,196,0.6988525390625
111,174,166,0.7049560546875
161,174,128,0.6988525390625
211,174,234,0.7049560546875
261,174,60,0.6988525390625
311,174,222,0.7049560546875
361,174,120,0.6988525390625
411,174,98,0.7049560546875
461,174,20,0.6988525390625
511,174,150,0.7049560546875
49,175,159,0.8880615234375
99,175,227,0.8880615234375
149,175,175,0.8880615234375
199,175,27,0.8880615234375
249,175,223,0.8880615234375
299,175,211,0.8880615234375
349,175,47,0.8880615234375
399,175,251,0.8880615234375
449,175,159,0.8880615234375
499,175,3,0.8880615234375
37,176,124,0.6988525390625
87,176,6,0.7049560546875
137,176,216,0.6988525390625
187,176,34,0.7049560546875
237,176,164,0.6988525390625
287,176,126,0.7049560546875
337,176,176,0.6988525390625
387,176,10,0.7049560546875
437,176,44,0.6988525390625
487,176,118,0.7049560546875
25,177,103,0.8880615234375
75,177,23,0.8880615234375
125,177,159,0.8880615234375
175,177,159,0.8880615234375
225,177,71,0.8880615234375
275,177,247,0.8880615234375
325,177,239,0.8880615234375
375,177,175,0.8880615234375
425,177,39,0.8880615234375
475,177,119,0.8880615234375
13,178,52,0.6988525390625
63,178,94,0.7049560546875
113,178,120,0.6988525390625
163,178,218,0.7049560546875
213,178,204,0.6988525390625
263,178,54,0.7049560546875
313,178,176,0.6988525390625
363,178,178,0.7049560546875
413,178,196,0.6988525390625
463,178,110,0.7049560546875
1,179,247,0.8880615234375
51,179,171,0.8880615234375
101,179,199,0.8880615234375
151,179,179,0.8880615234375
201,179,231,0.8880615234375
251,179,107,0.8880615234375
301,179,151,0.8880615234375
351,179,163,0.8880615234375
401,179,55,0.8880615234375
451,179,203,0.8880615234375
501,179,39,0.8880615234375
39,180,30,0.7049560546875
89,180,48,0.6988525390625
139,180,2,0.7049560546875
189,180,180,0.6988525390625
239,180,118,0.7049560546875
289,180,184,0.6988525390625
339,180,138,0.7049560546875
389,180,12,0.6988525390625
439,180,14,0.7049560546875
489,180,128,0.6988525390625
27,181,199,0.8880615234375
77,181,119,0.8880615234375
127,181,111,0.8880615234375
177,181,175,0.8880615234375
227,181,39,0.8880615234375
277,181,247,0.8880615234375
327,181,191,0.8880615234375
377,181,255,0.8880615234375
427,181,135,0.8880615234375
477,181,23,0.8880615234375
15,182,134,0.7049560546875
65,182,112,0.6988525390625
115,182,122,0.7049560546875
165,182,252,0.6988525390625
215,182,14,0.7049560546875
265,182,88,0.6988525390625
315,182,34,0.7049560546875
365,182,100,0.6988525390625
415,182,22,0.7049560546875
465,182,64,0.6988525390625
3,183,243,0.8880615234375
53,183,159,0.8880615234375
103,183,59,0.8880615234375
153,183,15,0.8880615234375
203,183,163,0.8880615234375
253,183,223,0.8880615234375
303,183,219,0.8880615234375
353,183,143,0.8880615234375
403,183,51,0.8880615234375
453,183,159,0.8880615234375
503,183,123,0.8880615234375
41,184,216,0.6988525390625
91,184,194,0.7049560546875
141,184,180,0.6988525390625
191,184,238,0.7049560546875
241,184,96,0.6988525390625
291,184,90,0.7049560546875
341,184,204,0.6988525390625
391,184,182,0.7049560546875
441,184,168,0.6988525390625
491,184,18,0.7049560546875
29,185,15,0.8880615234375
79,185,95,0.8880615234375
129,185,103,0.8880615234375
179,185,135,0.8880615234375
229,185,159,0.8880615234375
279,185,79,0.8880615234375
329,185,199,0.8880615234375
379,185,71,0.8880615234375
429,185,207,0.8880615234375
479,185,255,0.8880615234375
17,186,152,0.6988525390625
67,186,74,0.7049560546875
117,186,140,0.6988525390625
167,186,118,0.7049560546875
217,186,128,0.6988525390625
267,186,82,0.7049560546875
317,186,84,0.6988525390625
367,186,30,0.7049560546875
417,186,8,0.6988525390625
467,186,122,0.7049560546875
5,187,103,0.8880615234375
55,187,3,0.8880615234375
105,187,231,0.8880615234375
155,187,75,0.8880615234375
205,187,119,0.8880615234375
255,187,211,0.8880615234375
305,187,183,0.8880615234375
355,187,203,0.8880615234375
405,187,135,0.8880615234375
455,187,227,0.8880615234375
505,187,199,0.8880615234375
43,188,226,0.7049560546875
93,188,164,0.6988525390625
143,188,182,0.7049560546875
193,188,184,0.6988525390625
243,188,186,0.7049560546875
293,188,12,0.6988525390625
343,188,94,0.7049560546875
393,188,112,0.6988525390625
443,188,210,0.7049560546875
493,188,52,0.6988525390625
31,189,47,0.8880615234375
81,189,159,0.8880615234375
131,189,247,0.8880615234375
181,189,23,0.8880615234375
231,189,63,0.8880615234375
281,189,143,0.8880615234375
331,189,151,0.8880615234375
381,189,87,0.8880615234375
431,189,175,0.8880615234375
481,189,63,0.8880615234375
19,190,106,0.7049560546875
69,190,60,0.6988525390625
119,190,126,0.7049560546875
169,190,184,0.6988525390625
219,190,98,0.7049560546875
269,190,84,0.6988525390625
319,190,54,0.7049560546875
369,190,80,0.6988525390625
419,190,218,0.7049560546875
469,190,236,0.6988525390625
7,191,155,0.8880615234375
57,191,63,0.8880615234375
107,191,147,0.8880615234375
157,191,111,0.8880615234375
207,191,187,0.8880615234375
257,191,127,0.8880615234375
307,191,35,0.8880615234375
357,191,79,0.8880615234375
407,191,219,0.8880615234375
457,191,191,0.8880615234375
507,191,211,0.8880615234375
45,192,196,0.6988525390625
95,192,30,0.7049560546875
145,192,48,0.6988525390625
195,192,202,0.7049560546875
245,192,12,0.6988525390625
295,192,86,0.7049560546875
345,192,40,0.6988525390625
395,192,114,0.7049560546875
445,192,180,0.6988525390625
495,192,78,0.7049560546875
33,193,135,0.8880615234375
83,193,55,0.8880615234375
133,193,47,0.8880615234375
183,193,79,0.8880615234375
233,193,39,0.8880615234375
283,193,183,0.8880615234375
333,193,223,0.8880615234375
383,193,255,0.8880615234375
433,193,71,0.8880615234375
483,193,151,0.8880615234375
21,194,172,0.6988525390625
71,194,22,0.7049560546875
121,194,112,0.6988525390625
171,194,146,0.7049560546875
221,194,164,0.6988525390625
271,194,46,0.7049560546875
321,194,72,0.6988525390625
371,194,42,0.7049560546875
421,194,28,0.6988525390625
471,194,198,0.7049560546875
9,195,167,0.8880615234375
59,195,11,0.8880615234375
109,195,55,0.8880615234375
159,195,195,0.8880615234375
209,195,87,0.8880615234375
259,195,171,0.8880615234375
309,195,103,0.8880615234375
359,195,115,0.8880615234375
409,195,199,0.8880615234375
459,195,235,0.8880615234375
509,195,119,0.8880615234375
47,196,86,0.7049560546875
97,196,184,0.6988525390625
147,196,74,0.7049560546875
197,196,172,0.6988525390625
247,196,14,0.7049560546875
297,196,32,0.6988525390625
347,196,114,0.7049560546875
397,196,196,0.6988525390625
447,196,198,0.7049560546875
497,196,200,0.6988525390625
35,197,199,0.8880615234375
85,197,23,0.8880615234375
135,197,63,0.8880615234375
185,197,31,0.8880615234375
235,197,103,0.8880615234375
285,197,55,0.8880615234375
335,197,79,0.8880615234375
385,197,47,0.8880615234375
435,197,135,0.8880615234375
485,197,183,0.8880615234375
23,198,78,0.7049560546875
73,198,88,0.6988525390625
123,198,226,0.7049560546875
173,198,4,0.6988525390625
223,198,118,0.7049560546875
273,198,96,0.6988525390625
323,198,42,0.7049560546875
373,198,44,0.6988525390625
423,198,254,0.7049560546875
473,198,8,0.6988525390625
11,199,3,0.8880615234375
61,199,127,0.8880615234375
111,199,155,0.8880615234375
161,199,15,0.8880615234375
211,199,51,0.8880615234375
261,199,191,0.8880615234375
311,199,59,0.8880615234375
361,199,175,0.8880615234375
411,199,99,0.8880615234375
461,199,127,0.8880615234375
511,199,155,0.8880615234375
49,200,128,0.6988525390625
99,200,186,0.7049560546875
149,200,108,0.6988525390625
199,200,214,0.7049560546875
249,200,200,0.6988525390625
299,200,178,0.7049560546875
349,200,36,0.6988525390625
399,200,30,0.7049560546875
449,200,144,0.6988525390625
499,200,202,0.7049560546875
37,201,191,0.8880615234375
87,201,111,0.8880615234375
137,201,135,0.8880615234375
187,201,103,0.8880615234375
237,201,207,0.8880615234375
287,201,127,0.8880615234375
337,201,39,0.8880615234375
387,201,39,0.8880615234375
437,201,95,0.8880615234375
487,201,239,0.8880615234375
25,202,224,0.6988525390625
75,202,242,0.7049560546875
125,202,20,0.6988525390625
175,202,62,0.7049560546875
225,202,104,0.6988525390625
275,202,26,0.7049560546875
325,202,92,0.6988525390625
375,202,38,0.7049560546875
425,202,112,0.6988525390625
475,202,130,0.7049560546875
13,203,87,0.8880615234375
63,203,83,0.8880615234375
113,203,151,0.8880615234375
163,203,235,0.8880615234375
213,203,71,0.8880615234375
263,203,3,0.8880615234375
313,203,71,0.8880615234375
363,203,11,0.8880615234375
413,203,215,0.8880615234375
463,203,83,0.8880615234375
1,204,56,0.6988525390625
51,204,90,0.7049560546875
101,204,236,0.6988525390625
151,204,254,0.7049560546875
201,204,112,0.6988525390625
251,204,114,0.7049560546875
301,204,244,0.6988525390625
351,204,198,0.7049560546875
401,204,8,0.6988525390625
451,204,202,0.7049560546875
501,204,124,0.6988525390625
39,205,63,0.8880615234375
89,205,207,0.8880615234375
139,205,215,0.8880615234375
189,205,55,0.8880615234375
239,205,207,0.8880615234375
289,205,95,0.8880615234375
339,205,87,0.8880615234375
389,205,151,0.8880615234375
439,205,31,0.8880615234375
489,205,79,0.8880615234375
27,206,34,0.7049560546875
77,206,212,0.6988525390625
127,206,22,0.7049560546875
177,206,16,0.6988525390625
227,206,186,0.7049560546875
277,206,204,0.6988525390625
327,206,206,0.7049560546875
377,206,72,0.6988525390625
427,206,178,0.7049560546875
477,206,164,0.6988525390625
15,207,123,0.8880615234375
65,207,159,0.8880615234375
115,207,67,0.8880615234375
165,207,143,0.8880615234375
215,207,219,0.8880615234375
265,207,95,0.8880615234375
315,207,19,0.8880615234375
365,207,15,0.8880615234375
415,207,187,0.8880615234375
465,207,95,0.8880615234375
3,208,138,0.7049560546875
53,208,44,0.6988525390625
103,208,182,0.7049560546875
153,208,8,0.6988525390625
203,208,82,0.7049560546875
253,208,116,0.6988525390625
303,208,206,0.7049560546875
353,208,0,0.6988525390625
403,208,218,0.7049560546875
453,208,92,0.6988525390625
503,208,166,0.7049560546875
41,209,103,0.8880615234375
91,209,247,0.8880615234375
141,209,255,0.8880615234375
191,209,127,0.8880615234375
241,209,7,0.8880615234375
291,209,215,0.8880615234375
341,209,47,0.8880615234375
391,209,47,0.8880615234375
441,209,231,0.8880615234375
491,209,87,0.8880615234375
29,210,4,0.6988525390625
79,210,46,0.7049560546875
129,210,232,0.6988525390625
179,210,106,0.7049560546875
229,210,28,0.6988525390625
279,210,6,0.7049560546875
329,210,160,0.6988525390625
379,210,66,0.7049560546875
429,210,148,0.6988525390625
479,210,254,0.7049560546875
17,211,247,0.8880615234375
67,211,11,0.8880615234375
117,211,231,0.8880615234375
167,211,179,0.8880615234375
217,211,199,0.8880615234375
267,211,75,0.8880615234375
317,211,87,0.8880615234375
367,211,195,0.8880615234375
417,211,55,0.8880615234375
467,211,43,0.8880615234375
5,212,204,0.6988525390625
55,212,14,0.7049560546875
105,212,64,0.6988525390625
155,212,18,0.7049560546875
205,212,164,0.6988525390625
255,212,198,0.7049560546875
305,212,168,0.6988525390625
355,212,250,0.7049560546875
405,212,28,0.6988525390625
455,212,62,0.7049560546875
505,212,144,0.6988525390625
43,213,199,0.8880615234375
93,213,23,0.8880615234375
143,213,111,0.8880615234375
193,213,239,0.8880615234375
243,213,167,0.8880615234375
293,213,23,0.8880615234375
343,213,223,0.8880615234375
393,213,223,0.8880615234375
443,213,7,0.8880615234375
493,213,247,0.8880615234375
31,214,150,0.7049560546875
81,214,128,0.6988525390625
131,214,42,0.7049560546875
181,214,76,0.6988525390625
231,214,30,0.7049560546875
281,214,232,0.6988525390625
331,214,210,0.7049560546875
381,214,52,0.6988525390625
431,214,230,0.7049560546875
481,214,80,0.6988525390625
19,215,51,0.8880615234375
69,215,31,0.8880615234375
119,215,251,0.8880615234375
169,215,111,0.8880615234375
219,215,3,0.8880615234375
269,215,31,0.8880615234375
319,215,219,0.8880615234375
369,215,111,0.8880615234375
419,215,115,0.8880615234375
469,215,223,0.8880615234375
7,216,246,0.7049560546875
57,216,40,0.6988525390625
107,216,146,0.7049560546875
157,216,132,0.6988525390625
207,216,62,0.7049560546875
257,216,16,0.6988525390625
307,216,138,0.7049560546875
357,216,252,0.6988525390625
407,216,230,0.7049560546875
457,216,120,0.6988525390625
507,216,98,0.7049560546875
45,217,79,0.8880615234375
95,217,255,0.8880615234375
145,217,167,0.8880615234375
195,217,199,0.8880615234375
245,217,191,0.8880615234375
295,217,15,0.8880615234375
345,217,7,0.8880615234375
395,217,135,0.8880615234375
445,217,143,0.8880615234375
495,217,31,0.8880615234375
33,218,200,0.6988525390625
83,218,186,0.7049560546875
133,218,220,0.6988525390625
183,218,102,0.7049560546875
233,218,48,0.6988525390625
283,218,130,0.7049560546875
333,218,164,0.6988525390625
383,218,78,0.7049560546875
433,218,184,0.6988525390625
483,218,106,0.7049560546875
21,219,7,0.8880615234375
71,219,99,0.8880615234375
121,219,71,0.8880615234375
171,219,235,0.8880615234375
221,219,247,0.8880615234375
271,219,83,0.8880615234375
321,219,183,0.8880615234375
371,219,107,0.8880615234375
421,219,167,0.8880615234375
471,219,3,0.8880615234375
9,220,112,0.6988525390625
59,220,210,0.7049560546875
109,220,52,0.6988525390625
159,220,198,0.7049560546875
209,220,40,0.6988525390625
259,220,10,0.7049560546875
309,220,188,0.6988525390625
359,220,78,0.7049560546875
409,220,128,0.6988525390625
459,220,194,0.7049560546875
509,220,132,0.6988525390625
47,221,47,0.8880615234375
97,221,255,0.8880615234375
147,221,151,0.8880615234375
197,221,55,0.8880615234375
247,221,31,0.8880615234375
297,221,143,0.8880615234375
347,221,247,0.8880615234375
397,221,247,0.8880615234375
447,221,111,0.8880615234375
497,221,31,0.8880615234375
35,222,90,0.7049560546875
85,222,236,0.6988525390625
135,222,142,0.7049560546875
185,222,232,0.6988525390625
235,222,82,0.7049560546875
285,222,196,0.6988525390625
335,222,70,0.7049560546875
385,222,64,0.6988525390625
435,222,202,0.7049560546875
485,222,220,0.6988525390625
23,223,155,0.8880615234375
73,223,255,0.8880615234375
123,223,147,0.8880615234375
173,223,207,0.8880615234375
223,223,251,0.8880615234375
273,223,63,0.8880615234375
323,223,195,0.8880615234375
373,223,47,0.8880615234375
423,223,27,0.8880615234375
473,223,255,0.8880615234375
11,224,178,0.7049560546875
61,224,180,0.6988525390625
111,224,206,0.7049560546875
161,224,96,0.6988525390625
211,224,122,0.7049560546875
261,224,220,0.6988525390625
311,224,38,0.7049560546875
361,224,248,0.6988525390625
411,224,194,0.7049560546875
461,224,228,0.6988525390625
511,224,190,0.7049560546875
49,225,71,0.8880615234375
99,225,87,0.8880615234375
149,225,47,0.8880615234375
199,225,143,0.8880615234375
249,225,167,0.8880615234375
299,225,87,0.8880615234375
349,225,255,0.8880615234375
399,225,223,0.8880615234375
449,225,135,0.8880615234375
499,225,247,0.8880615234375
37,226,220,0.6988525390625
87,226,70,0.7049560546875
137,226,192,0.6988525390625
187,226,194,0.7049560546875
237,226,84,0.6988525390625
287,226,94,0.7049560546875
337,226,152,0.6988525390625
387,226,26,0.7049560546875
437,226,76,0.6988525390625
487,226,118,0.7049560546875
25,227,199,0.8880615234375
75,227,235,0.8880615234375
125,227,183,0.8880615234375
175,227,227,0.8880615234375
225,227,87,0.8880615234375
275,227,203,0.8880615234375
325,227,71,0.8880615234375
375,227,115,0.8880615234375
425,227,231,0.8880615234375
475,227,139,0.8880615234375
13,228,132,0.6988525390625
63,228,198,0.7049560546875
113,228,136,0.6988525390625
163,228,218,0.7049560546875
213,228,220,0.6988525390625
263,228,30,0.7049560546875
313,228,16,0.6988525390625
363,228,226,0.7049560546875
413,228,84,0.6988525390625
463,228,54,0.7049560546875
1,229,111,0.8880615234375
51,229,199,0.8880615234375
101,229,247,0.8880615234375
151,229,95,0.8880615234375
201,229,191,0.8880615234375
251,229,103,0.8880615234375
301,229,151,0.8880615234375
351,229,79,0.8880615234375
401,229,111,0.8880615234375
451,229,7,0.8880615234375
501,229,23,0.8880615234375
39,230,190,0.7049560546875
89,230,72,0.6988525390625
139,230,178,0.7049560546875
189,230,52,0.6988525390625
239,230,38,0.7049560546875
289,230,208,0.6988525390625
339,230,122,0.7049560546875
389,230,92,0.6988525390625
439,230,46,0.7049560546875
489,230,120,0.6988525390625
27,231,99,0.8880615234375
77,231,63,0.8880615234375
127,231,91,0.8880615234375
177,231,111,0.8880615234375
227,231,243,0.8880615234375
277,231,255,0.8880615234375
327,231,123,0.8880615234375
377,231,79,0.8880615234375
427,231,3,0.8880615234375
477,231,191,0.8880615234375
15,232,30,0.7049560546875
65,232,80,0.6988525390625
115,232,202,0.7049560546875
165,232,188,0.6988525390625
215,232,230,0.7049560546875
265,232,248,0.6988525390625
315,232,98,0.7049560546875
365,232,84,0.6988525390625
415,232,206,0.7049560546875
465,232,160,0.6988525390625
3,233,167,0.8880615234375
53,233,223,0.8880615234375
103,233,239,0.8880615234375
153,233,199,0.8880615234375
203,233,231,0.8880615234375
253,233,15,0.8880615234375
303,233,31,0.8880615234375
353,233,231,0.8880615234375
403,233,167,0.8880615234375
453,233,63,0.8880615234375
503,233,47,0.8880615234375
41,234,240,0.6988525390625
91,234,130,0.7049560546875
141,234,68,0.6988525390625
191,234,142,0.7049560546875
241,234,120,0.6988525390625
291,234,170,0.7049560546875
341,234,12,0.6988525390625
391,234,54,0.7049560546875
441,234,64,0.6988525390625
491,234,210,0.7049560546875
29,235,215,0.8880615234375
79,235,147,0.8880615234375
129,235,151,0.8880615234375
179,235,75,0.8880615234375
229,235,231,0.8880615234375
279,235,35,0.8880615234375
329,235,167,0.8880615234375
379,235,235,0.8880615234375
429,235,151,0.8880615234375
479,235,211,0.8880615234375
17,236,72,0.6988525390625
67,236,74,0.7049560546875
117,236,252,0.6988525390625
167,236,206,0.7049560546875
217,236,96,0.6988525390625
267,236,130,0.7049560546875
317,236,228,0.6988525390625
367,236,246,0.7049560546875
417,236,152,0.6988525390625
467,236,186,0.7049560546875
5,237,151,0.8880615234375
55,237,223,0.8880615234375
105,237,79,0.8880615234375
155,237,55,0.8880615234375
205,237,87,0.8880615234375
255,237,79,0.8880615234375
305,237,255,0.8880615234375
355,237,247,0.8880615234375
405,237,119,0.8880615234375
455,237,127,0.8880615234375
505,237,207,0.8880615234375
43,238,114,0.7049560546875
93,238,36,0.6988525390625
143,238,134,0.7049560546875
193,238,160,0.6988525390625
243,238,74,0.7049560546875
293,238,220,0.6988525390625
343,238,62,0.7049560546875
393,238,216,0.6988525390625
443,238,194,0.7049560546875
493,238,116,0.6988525390625
31,239,187,0.8880615234375
81,239,223,0.8880615234375
131,239,99,0.8880615234375
181,239,175,0.8880615234375
231,239,91,0.8880615234375
281,239,159,0.8880615234375
331,239,19,0.8880615234375
381,239,47,0.8880615234375
431,239,123,0.8880615234375
481,239,223,0.8880615234375
19,240,218,0.7049560546875
69,240,156,0.6988525390625
119,240,102,0.7049560546875
169,240,120,0.6988525390625
219,240,130,0.7049560546875
269,240,196,0.6988525390625
319,240,158,0.7049560546875
369,240,208,0.6988525390625
419,240,170,0.7049560546875
469,240,140,0.6988525390625
7,241,47,0.8880615234375
57,241,167,0.8880615234375
107,241,151,0.8880615234375
157,241,31,0.8880615234375
207,241,31,0.8880615234375
257,241,71,0.8880615234375
307,241,55,0.8880615234375
357,241,175,0.8880615234375
407,241,239,0.8880615234375
457,241,231,0.8880615234375
507,241,55,0.8880615234375
45,242,84,0.6988525390625
95,242,62,0.7049560546875
145,242,152,0.6988525390625
195,242,250,0.7049560546875
245,242,236,0.6988525390625
295,242,86,0.7049560546875
345,242,80,0.6988525390625
395,242,18,0.7049560546875
445,242,228,0.6988525390625
495,242,78,0.7049560546875
33,243,247,0.8880615234375
83,243,171,0.8880615234375
133,243,7,0.8880615234375
183,243,51,0.8880615234375
233,243,231,0.8880615234375
283,243,107,0.8880615234375
333,243,87,0.8880615234375
383,243,35,0.8880615234375
433,243,183,0.8880615234375
483,243,139,0.8880615234375
21,244,92,0.6988525390625
71,244,126,0.7049560546875
121,244,208,0.6988525390625
171,244,34,0.7049560546875
221,244,148,0.6988525390625
271,244,86,0.7049560546875
321,244,216,0.6988525390625
371,244,106,0.7049560546875
421,244,44,0.6988525390625
471,244,46,0.7049560546875
9,245,95,0.8880615234375
59,245,71,0.8880615234375
109,245,183,0.8880615234375
159,245,47,0.8880615234375
209,245,239,0.8880615234375
259,245,231,0.8880615234375
309,245,183,0.8880615234375
359,245,255,0.8880615234375
409,245,191,0.8880615234375
459,245,135,0.8880615234375
509,245,23,0.8880615234375
47,246,166,0.7049560546875
97,246,144,0.6988525390625
147,246,26,0.7049560546875
197,246,92,0.6988525390625
247,246,46,0.7049560546875
297,246,56,0.6988525390625
347,246,66,0.7049560546875
397,246,4,0.6988525390625
447,246,54,0.7049560546875
497,246,224,0.6988525390625
35,247,115,0.8880615234375
85,247,223,0.8880615234375
135,247,59,0.8880615234375
185,247,207,0.8880615234375
235,247,163,0.8880615234375
285,247,159,0.8880615234375
335,247,27,0.8880615234375
385,247,207,0.8880615234375
435,247,51,0.8880615234375
485,247,223,0.8880615234375
23,248,38,0.7049560546875
73,248,120,0.6988525390625
123,248,162,0.7049560546875
173,248,84,0.6988525390625
223,248,78,0.7049560546875
273,248,192,0.6988525390625
323,248,186,0.7049560546875
373,248,172,0.6988525390625
423,248,22,0.7049560546875
473,248,8,0.6988525390625
11,249,199,0.8880615234375
61,249,143,0.8880615234375
111,249,95,0.8880615234375
161,249,167,0.8880615234375
211,249,7,0.8880615234375
261,249,31,0.8880615234375
311,249,79,0.8880615234375
361,249,199,0.8880615234375
411,249,199,0.8880615234375
461,249,79,0.8880615234375
511,249,191,0.8880615234375
49,250,56,0.6988525390625
99,250,42,0.7049560546875
149,250,236,0.6988525390625
199,250,22,0.7049560546875
249,250,32,0.6988525390625
299,250,114,0.7049560546875
349,250,52,0.6988525390625
399,250,126,0.7049560546875
449,250,168,0.6988525390625
499,250,90,0.7049560546875
37,251,103,0.8880615234375
87,251,195,0.8880615234375
137,251,231,0.8880615234375
187,251,11,0.8880615234375
237,251,119,0.8880615234375
287,251,19,0.8880615234375
337,251,183,0.8880615234375
387,251,11,0.8880615234375
437,251,199,0.8880615234375
487,251,227,0.8880615234375
25,252,64,0.6988525390625
75,252,194,0.7049560546875
125,252,68,0.6988525390625
175,252,214,0.7049560546875
225,252,152,0.6988525390625
275,252,154,0.7049560546875
325,252,44,0.6988525390625
375,252,190,0.7049560546875
425,252,16,0.6988525390625
475,252,242,0.7049560546875
13,253,55,0.8880615234375
63,253,111,0.8880615234375
113,253,159,0.8880615234375
163,253,183,0.8880615234375
213,253,23,0.8880615234375
263,253,255,0.8880615234375
313,253,143,0.8880615234375
363,253,151,0.8880615234375
413,253,87,0.8880615234375
463,253,239,0.8880615234375
1,254,0,0.6988525390625
51,254,202,0.7049560546875
101,254,28,0.6988525390625
151,254,30,0.7049560546875
201,254,216,0.6988525390625
251,254,194,0.7049560546875
301,254,244,0.6988525390625
351,254,86,0.7049560546875
401,254,48,0.6988525390625
451,254,58,0.7049560546875
501,254,76,0.6988525390625
39,255,91,0.8880615234375
89,255,191,0.8880615234375
139,255,83,0.8880615234375
189,255,239,0.8880615234375
239,255,187,0.8880615234375
289,255,255,0.8880615234375
339,255,163,0.8880615234375
389,255,15,0.8880615234375
439,255,27,0.8880615234375
489,255,191,0.8880615234375
27,256,194,0.7049560546875
77,256,100,0.6988525390625
127,256,126,0.7049560546875
177,256,208,0.6988525390625
227,256,170,0.7049560546875
277,256,172,0.6988525390625
327,256,246,0.7049560546875
377,256,72,0.6988525390625
427,256,146,0.7049560546875
477,256,20,0.6988525390625
15,257,31,0.8880615234375
65,257,7,0.8880615234375
115,257,119,0.8880615234375
165,257,239,0.8880615234375
215,257,207,0.8880615234375
265,257,103,0.8880615234375
315,257,119,0.8880615234375
365,257,223,0.8880615234375
415,257,63,0.8880615234375
465,257,199,0.8880615234375
3,258,26,0.7049560546875
53,258,12,0.6988525390625
103,258,182,0.7049560546875
153,258,144,0.6988525390625
203,258,114,0.7049560546875
253,258,4,0.6988525390625
303,258,142,0.7049560546875
353,258,104,0.6988525390625
403,258,74,0.7049560546875
453,258,252,0.6988525390625
503,258,230,0.7049560546875
41,259,39,0.8880615234375
91,259,203,0.8880615234375
141,259,55,0.8880615234375
191,259,131,0.8880615234375
241,259,151,0.8880615234375
291,259,43,0.8880615234375
341,259,103,0.8880615234375
391,259,115,0.8880615234375
441,259,135,0.8880615234375
491,259,235,0.8880615234375
29,260,148,0.6988525390625
79,260,118,0.7049560546875
129,260,152,0.6988525390625
179,260,42,0.7049560546875
229,260,76,0.6988525390625
279,260,46,0.7049560546875
329,260,0,0.6988525390625
379,260,146,0.7049560546875
429,260,164,0.6988525390625
479,260,38,0.7049560546875
17,261,47,0.8880615234375
67,261,199,0.8880615234375
117,261,23,0.8880615234375
167,261,127,0.8880615234375
217,261,31,0.8880615234375
267,261,39,0.8880615234375
317,261,119,0.8880615234375
367,261,207,0.8880615234375
417,261,111,0.8880615234375
467,261,135,0.8880615234375
5,262,156,0.6988525390625
55,262,238,0.7049560546875
105,262,248,0.6988525390625
155,262,66,0.7049560546875
205,262,100,0.6988525390625
255,262,22,0.7049560546875
305,262,192,0.6988525390625
355,262,10,0.7049560546875
405,262,204,0.6988525390625
455,262,30,0.7049560546875
505,262,40,0.6988525390625
43,263,195,0.8880615234375
93,263,255,0.8880615234375
143,263,91,0.8880615234375
193,263,79,0.8880615234375
243,263,51,0.8880615234375
293,263,191,0.8880615234375
343,263,187,0.8880615234375
393,263,47,0.8880615234375
443,263,227,0.8880615234375
493,263,255,0.8880615234375
31,264,206,0.7049560546875
81,264,32,0.6988525390625
131,264,26,0.7049560546875
181,264,140,0.6988525390625
231,264,182,0.7049560546875
281,264,40,0.6988525390625
331,264,18,0.7049560546875
381,264,132,0.6988525390625
431,264,254,0.7049560546875
481,264,240,0.6988525390625
19,265,167,0.8880615234375
69,265,127,0.8880615234375
119,265,175,0.8880615234375
169,265,7,0.8880615234375
219,265,39,0.8880615234375
269,265,79,0.8880615234375
319,265,63,0.8880615234375
369,265,103,0.8880615234375
419,265,231,0.8880615234375
469,265,223,0.8880615234375
7,266,118,0.7049560546875
57,266,128,0.6988525390625
107,266,210,0.7049560546875
157,266,180,0.6988525390625
207,266,222,0.7049560546875
257,266,136,0.6988525390625
307,266,186,0.7049560546875
357,266,124,0.6988525390625
407,266,134,0.7049560546875
457,266,16,0.6988525390625
507,266,226,0.7049560546875
45,267,23,0.8880615234375
95,267,147,0.8880615234375
145,267,215,0.8880615234375
195,267,235,0.8880615234375
245,267,135,0.8880615234375
295,267,67,0.8880615234375
345,267,135,0.8880615234375
395,267,75,0.8880615234375
445,267,151,0.8880615234375
495,267,147,0.8880615234375
33,268,88,0.6988525390625
83,268,122,0.7049560546875
133,268,204,0.6988525390625
183,268,222,0.7049560546875
233,268,144,0.6988525390625
283,268,18,0.7049560546875
333,268,212,0.6988525390625
383,268,230,0.7049560546875
433,268,104,0.6988525390625
483,268,42,0.7049560546875
21,269,183,0.8880615234375
71,269,127,0.8880615234375
121,269,207,0.8880615234375
171,269,87,0.8880615234375
221,269,247,0.8880615234375
271,269,207,0.8880615234375
321,269,95,0.8880615234375
371,269,87,0.8880615234375
421,269,151,0.8880615234375
471,269,31,0.8880615234375
9,270,152,0.6988525390625
59,270,66,0.7049560546875
109,270,116,0.6988525390625
159,270,54,0.7049560546875
209,270,112,0.6988525390625
259,270,90,0.7049560546875
309,270,44,0.6988525390625
359,270,110,0.7049560546875
409,270,232,0.6988525390625
459,270,210,0.7049560546875
509,270,68,0.6988525390625
47,271,251,0.8880615234375
97,271,223,0.8880615234375
147,271,131,0.8880615234375
197,271,207,0.8880615234375
247,271,155,0.8880615234375
297,271,159,0.8880615234375
347,271,83,0.8880615234375
397,271,207,0.8880615234375
447,271,59,0.8880615234375
497,271,31,0.8880615234375
35,272,106,0.7049560546875
85,272,76,0.6988525390625
135,272,22,0.7049560546875
185,272,168,0.6988525390625
235,272,50,0.7049560546875
285,272,148,0.6988525390625
335,272,110,0.7049560546875
385,272,160,0.6988525390625
435,272,122,0.7049560546875
485,272,60,0.6988525390625
23,273,239,0.8880615234375
73,273,39,0.8880615234375
123,273,55,0.8880615234375
173,273,63,0.8880615234375
223,273,63,0.8880615234375
273,273,135,0.8880615234375
323,273,87,0.8880615234375
373,273,111,0.8880615234375
423,273,239,0.8880615234375
473,273,167,0.8880615234375
11,274,18,0.7049560546875
61,274,228,0.6988525390625
111,274,78,0.7049560546875
161,274,200,0.6988525390625
211,274,74,0.7049560546875
261,274,124,0.6988525390625
311,274,230,0.7049560546875
361,274,0,0.6988525390625
411,274,98,0.7049560546875
461,274,116,0.6988525390625
511,274,30,0.7049560546875
49,275,247,0.8880615234375
99,275,203,0.8880615234375
149,275,231,0.8880615234375
199,275,179,0.8880615234375
249,275,7,0.8880615234375
299,275,11,0.8880615234375
349,275,151,0.8880615234375
399,275,131,0.8880615234375
449,275,55,0.8880615234375
499,275,43,0.8880615234375
37,276,172,0.6988525390625
87,276,238,0.7049560546875
137,276,96,0.6988525390625
187,276,50,0.7049560546875
237,276,132,0.6988525390625
287,276,166,0.7049560546875
337,276,72,0.6988525390625
387,276,218,0.7049560546875
437,276,60,0.6988525390625
487,276,222,0.7049560546875
25,277,127,0.8880615234375
75,277,71,0.8880615234375
125,277,23,0.8880615234375
175,277,175,0.8880615234375
225,277,47,0.8880615234375
275,277,231,0.8880615234375
325,277,23,0.8880615234375
375,277,223,0.8880615234375
425,277,95,0.8880615234375
475,277,7,0.8880615234375
13,278,196,0.6988525390625
63,278,246,0.7049560546875
113,278,96,0.6988525390625
163,278,10,0.7049560546875
213,278,236,0.6988525390625
263,278,254,0.7049560546875
313,278,8,0.6988525390625
363,278,178,0.7049560546875
413,278,20,0.6988525390625
463,278,70,0.7049560546875
1,279,79,0.8880615234375
51,279,179,0.8880615234375
101,279,95,0.8880615234375
151,279,123,0.8880615234375
201,279,239,0.8880615234375
251,279,195,0.8880615234375
301,279,95,0.8880615234375
351,279,155,0.8880615234375
401,279,239,0.8880615234375
451,279,243,0.8880615234375
501,279,159,0.8880615234375
39,280,22,0.7049560546875
89,280,72,0.6988525390625
139,280,114,0.7049560546875
189,280,36,0.6988525390625
239,280,158,0.7049560546875
289,280,240,0.6988525390625
339,280,234,0.7049560546875
389,280,92,0.6988525390625
439,280,70,0.7049560546875
489,280,216,0.6988525390625
27,281,7,0.8880615234375
77,281,79,0.8880615234375
127,281,63,0.8880615234375
177,281,103,0.8880615234375
227,281,199,0.8880615234375
277,281,127,0.8880615234375
327,281,143,0.8880615234375
377,281,135,0.8880615234375
427,281,7,0.8880615234375
477,281,15,0.8880615234375
15,282,62,0.7049560546875
65,282,168,0.6988525390625
115,282,218,0.7049560546875
165,282,252,0.6988525390625
215,282,70,0.7049560546875
265,282,144,0.6988525390625
315,282,98,0.7049560546875
365,282,196,0.6988525390625
415,282,110,0.7049560546875
465,282,24,0.6988525390625
3,283,203,0.8880615234375
53,283,199,0.8880615234375
103,283,99,0.8880615234375
153,283,7,0.8880615234375
203,283,235,0.8880615234375
253,283,247,0.8880615234375
303,283,19,0.8880615234375
353,283,55,0.8880615234375
403,283,107,0.8880615234375
453,283,39,0.8880615234375
503,283,67,0.8880615234375
41,284,80,0.6988525390625
91,284,50,0.7049560546875
141,284,84,0.6988525390625
191,284,230,0.7049560546875
241,284,8,0.6988525390625
291,284,106,0.7049560546875
341,284,92,0.6988525390625
391,284,46,0.7049560546875
441,284,160,0.6988525390625
491,284,226,0.7049560546875
29,285,87,0.8880615234375
79,285,239,0.8880615234375
129,285,191,0.8880615234375
179,285,151,0.8880615234375
229,285,247,0.8880615234375
279,285,31,0.8880615234375
329,285,143,0.8880615234375
379,285,183,0.8880615234375
429,285,55,0.8880615234375
479,285,175,0.8880615234375
17,286,176,0.6988525390625
67,286,250,0.7049560546875
117,286,140,0.6988525390625
167,286,238,0.7049560546875
217,286,72,0.6988525390625
267,286,242,0.7049560546875
317,286,36,0.6988525390625
367,286,38,0.7049560546875
417,286,224,0.6988525390625
467,286,106,0.7049560546875
5,287,143,0.8880615234375
55,287,219,0.8880615234375
105,287,127,0.8880615234375
155,287,83,0.8880615234375
205,287,143,0.8880615234375
255,287,123,0.8880615234375
305,287,191,0.8880615234375
355,287,131,0.8880615234375
405,287,47,0.8880615234375
455,287,91,0.8880615234375
505,287,127,0.8880615234375
43,288,18,0.7049560546875
93,288,212,0.6988525390625
143,288,46,0.7049560546875
193,288,0,0.6988525390625
243,288,218,0.7049560546875
293,288,124,0.6988525390625
343,288,70,0.7049560546875
393,288,24,0.6988525390625
443,288,98,0.7049560546875
493,288,68,0.6988525390625
31,289,191,0.8880615234375
81,289,71,0.8880615234375
131,289,87,0.8880615234375
181,289,239,0.8880615234375
231,289,15,0.8880615234375
281,289,103,0.8880615234375
331,289,87,0.8880615234375
381,289,63,0.8880615234375
431,289,95,0.8880615234375
481,289,7,0.8880615234375
19,290,74,0.7049560546875
69,290,252,0.6988525390625
119,290,166,0.7049560546875
169,290,160,0.6988525390625
219,290,226,0.7049560546875
269,290,116,0.6988525390625
319,290,126,0.7049560546875
369,290,248,0.6988525390625
419,290,250,0.7049560546875
469,290,108,0.6988525390625
7,291,243,0.8880615234375
57,291,135,0.8880615234375
107,291,235,0.8880615234375
157,291,183,0.8880615234375
207,291,227,0.8880615234375
257,291,23,0.8880615234375
307,291,139,0.8880615234375
357,291,135,0.8880615234375
407,291,115,0.8880615234375
457,291,231,0.8880615234375
507,291,203,0.8880615234375
45,292,164,0.6988525390625
95,292,230,0.7049560546875
145,292,232,0.6988525390625
195,292,58,0.7049560546875
245,292,252,0.6988525390625
295,292,62,0.7049560546875
345,292,240,0.6988525390625
395,292,130,0.7049560546875
445,292,180,0.6988525390625
495,292,22,0.7049560546875
33,293,175,0.8880615234375
83,293,71,0.8880615234375
133,293,183,0.8880615234375
183,293,95,0.8880615234375
233,293,127,0.8880615234375
283,293,167,0.8880615234375
333,293,151,0.8880615234375
383,293,207,0.8880615234375
433,293,175,0.8880615234375
483,293,7,0.8880615234375
21,294,140,0.6988525390625
71,294,158,0.7049560546875
121,294,40,0.6988525390625
171,294,210,0.7049560546875
221,294,212,0.6988525390625
271,294,6,0.7049560546875
321,294,112,0.6988525390625
371,294,26,0.7049560546875
421,294,188,0.6988525390625
471,294,14,0.7049560546875
9,295,111,0.8880615234375
59,295,227,0.8880615234375
109,295,191,0.8880615234375
159,295,155,0.8880615234375
209,295,239,0.8880615234375
259,295,115,0.8880615234375
309,295,127,0.8880615234375
359,295,251,0.8880615234375
409,295,143,0.8880615234375
459,295,67,0.8880615234375
509,295,191,0.8880615234375
47,296,190,0.7049560546875
97,296,240,0.6988525390625
147,296,42,0.7049560546875
197,296,220,0.6988525390625
247,296,70,0.7049560546875
297,296,88,0.6988525390625
347,296,194,0.7049560546875
397,296,180,0.6988525390625
447,296,174,0.7049560546875
497,296,0,0.6988525390625
35,297,103,0.8880615234375
85,297,223,0.8880615234375
135,297,47,0.8880615234375
185,297,199,0.8880615234375
235,297,39,0.8880615234375
285,297,143,0.8880615234375
335,297,159,0.8880615234375
385,297,39,0.8880615234375
435,297,103,0.8880615234375
485,297,127,0.8880615234375
23,298,6,0.7049560546875
73,298,208,0.6988525390625
123,298,34,0.7049560546875
173,298,36,0.6988525390625
223,298,238,0.7049560546875
273,298,88,0.6988525390625
323,298,10,0.7049560546875
373,298,108,0.6988525390625
423,298,214,0.7049560546875
473,298,160,0.6988525390625
11,299,11,0.8880615234375
61,299,23,0.8880615234375
111,299,211,0.8880615234375
161,299,87,0.8880615234375
211,299,139,0.8880615234375
261,299,231,0.8880615234375
311,299,163,0.8880615234375
361,299,167,0.8880615234375
411,299,235,0.8880615234375
461,299,87,0.8880615234375
511,299,147,0.8880615234375
49,300,104,0.6988525390625
99,300,106,0.7049560546875
149,300,220,0.6988525390625
199,300,46,0.7049560546875
249,300,0,0.6988525390625
299,300,162,0.7049560546875
349,300,196,0.6988525390625
399,300,150,0.7049560546875
449,300,120,0.6988525390625
499,300,154,0.7049560546875
37,301,151,0.8880615234375
87,301,223,0.8880615234375
137,301,207,0.8880615234375
187,301,247,0.8880615234375
237,301,87,0.8880615234375
287,301,79,0.8880615234375
337,301,63,0.8880615234375
387,301,183,0.8880615234375
437,301,183,0.8880615234375
487,301,63,0.8880615234375
25,302,104,0.6988525390625
75,302,210,0.7049560546875
125,302,4,0.6988525390625
175,302,230,0.7049560546875
225,302,64,0.6988525390625
275,302,170,0.7049560546875
325,302,124,0.6988525390625
375,302,30,0.7049560546875
425,302,56,0.6988525390625
475,302,162,0.7049560546875
13,303,79,0.8880615234375
63,303,187,0.8880615234375
113,303,31,0.8880615234375
163,303,227,0.8880615234375
213,303,47,0.8880615234375
263,303,155,0.8880615234375
313,303,223,0.8880615234375
363,303,211,0.8880615234375
413,303,175,0.8880615234375
463,303,251,0.8880615234375
1,304,160,0.6988525390625
51,304,186,0.7049560546875
101,304,60,0.6988525390625
151,304,198,0.7049560546875
201,304,24,0.6988525390625
251,304,98,0.7049560546875
301,304,100,0.6988525390625
351,304,62,0.7049560546875
401,304,112,0.6988525390625
451,304,202,0.7049560546875
501,304,108,0.6988525390625
39,305,239,0.8880615234375
89,305,231,0.8880615234375
139,305,23,0.8880615234375
189,305,159,0.8880615234375
239,305,159,0.8880615234375
289,305,199,0.8880615234375
339,305,119,0.8880615234375
389,305,111,0.8880615234375
439,305,175,0.8880615234375
489,305,39,0.8880615234375
27,306,34,0.7049560546875
77,306,116,0.6988525390625
127,306,158,0.7049560546875
177,306,56,0.6988525390625
227,306,26,0.7049560546875
277,306,140,0.6988525390625
327,306,118,0.7049560546875
377,306,112,0.6988525390625
427,306,242,0.7049560546875
477,306,4,0.6988525390625
15,307,67,0.8880615234375
65,307,247,0.8880615234375
115,307,43,0.8880615234375
165,307,199,0.8880615234375
215,307,51,0.8880615234375
265,307,231,0.8880615234375
315,307,107,0.8880615234375
365,307,23,0.8880615234375
415,307,35,0.8880615234375
465,307,183,0.8880615234375
3,308,90,0.7049560546875
53,308,188,0.6988525390625
103,308,94,0.7049560546875
153,308,240,0.6988525390625
203,308,194,0.7049560546875
253,308,244,0.6988525390625
303,308,182,0.7049560546875
353,308,248,0.6988525390625
403,308,74,0.7049560546875
453,308,204,0.6988525390625
503,308,78,0.7049560546875
41,309,95,0.8880615234375
91,309,71,0.8880615234375
141,309,247,0.8880615234375
191,309,239,0.8880615234375
241,309,175,0.8880615234375
291,309,39,0.8880615234375
341,309,119,0.8880615234375
391,309,191,0.8880615234375
441,309,127,0.8880615234375
491,309,135,0.8880615234375
29,310,84,0.6988525390625
79,310,70,0.7049560546875
129,310,176,0.6988525390625
179,310,58,0.7049560546875
229,310,60,0.6988525390625
279,310,78,0.7049560546875
329,310,24,0.6988525390625
379,310,226,0.7049560546875
429,310,36,0.6988525390625
479,310,214,0.7049560546875
17,311,175,0.8880615234375
67,311,243,0.8880615234375
117,311,31,0.8880615234375
167,311,187,0.8880615234375
217,311,143,0.8880615234375
267,311,35,0.8880615234375
317,311,223,0.8880615234375
367,311,219,0.8880615234375
417,311,15,0.8880615234375
467,311,179,0.8880615234375
5,312,156,0.6988525390625
55,312,70,0.7049560546875
105,312,152,0.6988525390625
155,312,2,0.7049560546875
205,312,244,0.6988525390625
255,312,174,0.7049560546875
305,312,160,0.6988525390625
355,312,26,0.7049560546875
405,312,12,0.6988525390625
455,312,118,0.7049560546875
505,312,232,0.6988525390625
43,313,199,0.8880615234375
93,313,15,0.8880615234375
143,313,223,0.8880615234375
193,313,231,0.8880615234375
243,313,135,0.8880615234375
293,313,159,0.8880615234375
343,313,207,0.8880615234375
393,313,71,0.8880615234375
443,313,199,0.8880615234375
493,313,79,0.8880615234375
31,314,174,0.7049560546875
81,314,88,0.6988525390625
131,314,138,0.7049560546875
181,314,204,0.6988525390625
231,314,182,0.7049560546875
281,314,192,0.6988525390625
331,314,146,0.7049560546875
381,314,148,0.6988525390625
431,314,94,0.7049560546875
481,314,200,0.6988525390625
19,315,107,0.8880615234375
69,315,103,0.8880615234375
119,315,131,0.8880615234375
169,315,231,0.8880615234375
219,315,75,0.8880615234375
269,315,119,0.8880615234375
319,315,211,0.8880615234375
369,315,55,0.8880615234375
419,315,203,0.8880615234375
469,315,7,0.8880615234375
7,316,110,0.7049560546875
57,316,160,0.6988525390625
107,316,162,0.7049560546875
157,316,100,0.6988525390625
207,316,246,0.7049560546875
257,316,248,0.6988525390625
307,316,122,0.7049560546875
357,316,76,0.6988525390625
407,316,158,0.7049560546875
457,316,48,0.6988525390625
507,316,146,0.7049560546875
45,317,247,0.8880615234375
95,317,47,0.8880615234375
145,317,159,0.8880615234375
195,317,119,0.8880615234375
245,317,23,0.8880615234375
295,317,63,0.8880615234375
345,317,143,0.8880615234375
395,317,151,0.8880615234375
445,317,215,0.8880615234375
495,317,175,0.8880615234375
33,318,96,0.6988525390625
83,318,170,0.7049560546875
133,318,124,0.6988525390625
183,318,62,0.7049560546875
233,318,120,0.6988525390625
283,318,34,0.7049560546875
333,318,148,0.6988525390625
383,318,246,0.7049560546875
433,318,16,0.6988525390625
483,318,26,0.7049560546875
21,319,239,0.8880615234375
71,319,27,0.8880615234375
121,319,191,0.8880615234375
171,319,19,0.8880615234375
221,319,111,0.8880615234375
271,319,59,0.8880615234375
321,319,127,0.8880615234375
371,319,163,0.8880615234375
421,319,79,0.8880615234375
471,319,219,0.8880615234375
9,320,88,0.6988525390625
59,320,162,0.7049560546875
109,320,132,0.6988525390625
159,320,222,0.7049560546875
209,320,112,0.6988525390625
259,320,10,0.7049560546875
309,320,204,0.6988525390625
359,320,22,0.7049560546875
409,320,232,0.6988525390625
459,320,50,0.7049560546875
509,320,244,0.6988525390625
47,321,159,0.8880615234375
97,321,135,0.8880615234375
147,321,55,0.8880615234375
197,321,47,0.8880615234375
247,321,207,0.8880615234375
297,321,39,0.8880615234375
347,321,183,0.8880615234375
397,321,95,0.8880615234375
447,321,127,0.8880615234375
497,321,199,0.8880615234375
35,322,186,0.7049560546875
85,322,108,0.6988525390625
135,322,86,0.7049560546875
185,322,48,0.6988525390625
235,322,82,0.7049560546875
285,322,228,0.6988525390625
335,322,238,0.7049560546875
385,322,8,0.6988525390625
435,322,106,0.7049560546875
485,322,220,0.6988525390625
23,323,243,0.8880615234375
73,323,39,0.8880615234375
123,323,139,0.8880615234375
173,323,183,0.8880615234375
223,323,195,0.8880615234375
273,323,87,0.8880615234375
323,323,43,0.8880615234375
373,323,103,0.8880615234375
423,323,115,0.8880615234375
473,323,199,0.8880615234375
11,324,2,0.7049560546875
61,324,180,0.6988525390625
111,324,22,0.7049560546875
161,324,120,0.6988525390625
211,324,10,0.7049560546875
261,324,108,0.6988525390625
311,324,206,0.7049560546875
361,324,96,0.6988525390625
411,324,178,0.7049560546875
461,324,132,0.6988525390625
511,324,6,0.7049560546875
49,325,239,0.8880615234375
99,325,71,0.8880615234375
149,325,23,0.8880615234375
199,325,63,0.8880615234375
249,325,31,0.8880615234375
299,325,231,0.8880615234375
349,325,55,0.8880615234375
399,325,207,0.8880615234375
449,325,47,0.8880615234375
499,325,135,0.8880615234375
37,326,188,0.6988525390625
87,326,142,0.7049560546875
137,326,24,0.6988525390625
187,326,34,0.7049560546875
237,326,196,0.6988525390625
287,326,54,0.7049560546875
337,326,160,0.6988525390625
387,326,106,0.7049560546875
437,326,108,0.6988525390625
487,326,62,0.7049560546875
25,327,143,0.8880615234375
75,327,131,0.8880615234375
125,327,127,0.8880615234375
175,327,27,0.8880615234375
225,327,143,0.8880615234375
275,327,179,0.8880615234375
325,327,63,0.8880615234375
375,327,187,0.8880615234375
425,327,47,0.8880615234375
475,327,99,0.8880615234375
13,328,180,0.6988525390625
63,328,110,0.7049560546875
113,328,192,0.6988525390625
163,328,122,0.7049560546875
213,328,44,0.6988525390625
263,328,22,0.7049560546875
313,328,136,0.6988525390625
363,328,242,0.7049560546875
413,328,228,0.6988525390625
463,328,94,0.7049560546875
1,329,231,0.8880615234375
51,329,231,0.8880615234375
101,329,191,0.8880615234375
151,329,239,0.8880615234375
201,329,135,0.8880615234375
251,329,231,0.8880615234375
301,329,79,0.8880615234375
351,329,255,0.8880615234375
401,329,39,0.8880615234375
451,329,39,0.8880615234375
501,329,223,0.8880615234375
39,330,86,0.7049560546875
89,330,32,0.6988525390625
139,330,178,0.7049560546875
189,330,212,0.6988525390625
239,330,254,0.7049560546875
289,330,40,0.6988525390625
339,330,218,0.7049560546875
389,330,28,0.6988525390625
439,330,230,0.7049560546875
489,330,176,0.6988525390625
27,331,235,0.8880615234375
77,331,87,0.8880615234375
127,331,83,0.8880615234375
177,331,23,0.8880615234375
227,331,235,0.8880615234375
277,331,71,0.8880615234375
327,331,131,0.8880615234375
377,331,71,0.8880615234375
427,331,139,0.8880615234375
477,331,215,0.8880615234375
15,332,150,0.7049560546875
65,332,120,0.6988525390625
115,332,26,0.7049560546875
165,332,44,0.6988525390625
215,332,190,0.7049560546875
265,332,176,0.6988525390625
315,332,50,0.7049560546875
365,332,180,0.6988525390625
415,332,6,0.7049560546875
465,332,72,0.6988525390625
3,333,183,0.8880615234375
53,333,119,0.8880615234375
103,333,63,0.8880615234375
153,333,79,0.8880615234375
203,333,87,0.8880615234375
253,333,55,0.8880615234375
303,333,79,0.8880615234375
353,333,223,0.8880615234375
403,333,215,0.8880615234375
453,333,151,0.8880615234375
503,333,31,0.8880615234375
41,334,184,0.6988525390625
91,334,226,0.7049560546875
141,334,148,0.6988525390625
191,334,214,0.7049560546875
241,334,208,0.6988525390625
291,334,250,0.7049560546875
341,334,12,0.6988525390625
391,334,142,0.7049560546875
441,334,136,0.6988525390625
491,334,114,0.7049560546875
29,335,239,0.8880615234375
79,335,123,0.8880615234375
129,335,31,0.8880615234375
179,335,67,0.8880615234375
229,335,15,0.8880615234375
279,335,219,0.8880615234375
329,335,95,0.8880615234375
379,335,147,0.8880615234375
429,335,143,0.8880615234375
479,335,59,0.8880615234375
17,336,112,0.6988525390625
67,336,202,0.7049560546875
117,336,236,0.6988525390625
167,336,118,0.7049560546875
217,336,72,0.6988525390625
267,336,146,0.7049560546875
317,336,52,0.6988525390625
367,336,142,0.7049560546875
417,336,192,0.6988525390625
467,336,154,0.7049560546875
5,337,47,0.8880615234375
55,337,47,0.8880615234375
105,337,231,0.8880615234375
155,337,119,0.8880615234375
205,337,127,0.8880615234375
255,337,255,0.8880615234375
305,337,7,0.8880615234375
355,337,87,0.8880615234375
405,337,47,0.8880615234375
455,337,47,0.8880615234375
505,337,103,0.8880615234375
43,338,178,0.7049560546875
93,338,196,0.6988525390625
143,338,110,0.7049560546875
193,338,40,0.6988525390625
243,338,42,0.7049560546875
293,338,92,0.6988525390625
343,338,198,0.7049560546875
393,338,224,0.6988525390625
443,338,130,0.7049560546875
493,338,84,0.6988525390625
31,339,163,0.8880615234375
81,339,247,0.8880615234375
131,339,139,0.8880615234375
181,339,231,0.8880615234375
231,339,51,0.8880615234375
281,339,199,0.8880615234375
331,339,75,0.8880615234375
381,339,87,0.8880615234375
431,339,195,0.8880615234375
481,339,183,0.8880615234375
19,340,202,0.7049560546875
69,340,140,0.6988525390625
119,340,206,0.7049560546875
169,340,128,0.6988525390625
219,340,82,0.7049560546875
269,340,100,0.6988525390625
319,340,134,0.7049560546875
369,340,104,0.6988525390625
419,340,58,0.7049560546875
469,340,92,0.6988525390625
7,341,63,0.8880615234375
57,341,63,0.8880615234375
107,341,71,0.8880615234375
157,341,23,0.8880615234375
207,341,239,0.8880615234375
257,341,111,0.8880615234375
307,341,167,0.8880615234375
357,341,23,0.8880615234375
407,341,95,0.8880615234375
457,341,95,0.8880615234375
507,341,7,0.8880615234375
45,342,164,0.6988525390625
95,342,86,0.7049560546875
145,342,192,0.6988525390625
195,342,234,0.7049560546875
245,342,12,0.6988525390625
295,342,94,0.7049560546875
345,342,40,0.6988525390625
395,342,146,0.7049560546875
445,342,244,0.6988525390625
495,342,166,0.7049560546875
33,343,15,0.8880615234375
83,343,179,0.8880615234375
133,343,159,0.8880615234375
183,343,251,0.8880615234375
233,343,111,0.8880615234375
283,343,131,0.8880615234375
333,343,159,0.8880615234375
383,343,219,0.8880615234375
433,343,111,0.8880615234375
483,343,115,0.8880615234375
21,344,204,0.6988525390625
71,344,182,0.7049560546875
121,344,232,0.6988525390625
171,344,210,0.7049560546875
221,344,196,0.6988525390625
271,344,254,0.7049560546875
321,344,80,0.6988525390625
371,344,74,0.7049560546875
421,344,60,0.6988525390625
471,344,166,0.7049560546875
9,345,199,0.8880615234375
59,345,135,0.8880615234375
109,345,207,0.8880615234375
159,345,127,0.8880615234375
209,345,167,0.8880615234375
259,345,71,0.8880615234375
309,345,191,0.8880615234375
359,345,15,0.8880615234375
409,345,7,0.8880615234375
459,345,135,0.8880615234375
509,345,143,0.8880615234375
47,346,94,0.7049560546875
97,346,8,0.6988525390625
147,346,250,0.7049560546875
197,346,28,0.6988525390625
247,346,38,0.7049560546875
297,346,240,0.6988525390625
347,346,66,0.7049560546875
397,346,228,0.6988525390625
447,346,142,0.7049560546875
497,346,248,0.6988525390625
35,347,11,0.8880615234375
85,347,135,0.8880615234375
135,347,99,0.8880615234375
185,347,71,0.8880615234375
235,347,235,0.8880615234375
285,347,247,0.8880615234375
335,347,83,0.8880615234375
385,347,55,0.8880615234375
435,347,107,0.8880615234375
485,347,39,0.8880615234375
23,348,158,0.7049560546875
73,348,48,0.6988525390625
123,348,18,0.7049560546875
173,348,116,0.6988525390625
223,348,134,0.7049560546875
273,348,232,0.6988525390625
323,348,74,0.7049560546875
373,348,124,0.6988525390625
423,348,14,0.7049560546875
473,348,192,0.6988525390625
11,349,87,0.8880615234375
61,349,87,0.8880615234375
111,349,47,0.8880615234375
161,349,127,0.8880615234375
211,349,151,0.8880615234375
261,349,55,0.8880615234375
311,349,31,0.8880615234375
361,349,143,0.8880615234375
411,349,119,0.8880615234375
461,349,119,0.8880615234375
511,349,239,0.8880615234375
49,350,80,0.6988525390625
99,350,26,0.7049560546875
149,350,172,0.6988525390625
199,350,78,0.7049560546875
249,350,168,0.6988525390625
299,350,146,0.7049560546875
349,350,4,0.6988525390625
399,350,6,0.7049560546875
449,350,128,0.6988525390625
499,350,138,0.7049560546875
37,351,79,0.8880615234375
87,351,27,0.8880615234375
137,351,255,0.8880615234375
187,351,19,0.8880615234375
237,351,207,0.8880615234375
287,351,251,0.8880615234375
337,351,191,0.8880615234375
387,351,195,0.8880615234375
437,351,175,0.8880615234375
487,351,155,0.8880615234375
25,352,232,0.6988525390625
75,352,242,0.7049560546875
125,352,116,0.6988525390625
175,352,142,0.7049560546875
225,352,160,0.6988525390625
275,352,186,0.7049560546875
325,352,156,0.6988525390625
375,352,230,0.7049560546875
425,352,184,0.6988525390625
475,352,130,0.7049560546875
13,353,95,0.8880615234375
63,353,127,0.8880615234375
113,353,199,0.8880615234375
163,353,215,0.8880615234375
213,353,47,0.8880615234375
263,353,143,0.8880615234375
313,353,167,0.8880615234375
363,353,215,0.8880615234375
413,353,127,0.8880615234375
463,353,95,0.8880615234375
1,354,200,0.6988525390625
51,354,170,0.7049560546875
101,354,156,0.6988525390625
151,354,6,0.7049560546875
201,354,0,0.6988525390625
251,354,130,0.7049560546875
301,354,148,0.6988525390625
351,354,30,0.7049560546875
401,354,216,0.6988525390625
451,354,218,0.7049560546875
501,354,12,0.6988525390625
39,355,243,0.8880615234375
89,355,199,0.8880615234375
139,355,235,0.8880615234375
189,355,55,0.8880615234375
239,355,227,0.8880615234375
289,355,87,0.8880615234375
339,355,203,0.8880615234375
389,355,71,0.8880615234375
439,355,115,0.8880615234375
489,355,231,0.8880615234375
27,356,242,0.7049560546875
77,356,196,0.6988525390625
127,356,6,0.7049560546875
177,356,200,0.6988525390625
227,356,26,0.7049560546875
277,356,28,0.6988525390625
327,356,94,0.7049560546875
377,356,208,0.6988525390625
427,356,162,0.7049560546875
477,356,148,0.6988525390625
15,357,15,0.8880615234375
65,357,239,0.8880615234375
115,357,71,0.8880615234375
165,357,119,0.8880615234375
215,357,223,0.8880615234375
265,357,191,0.8880615234375
315,357,231,0.8880615234375
365,357,151,0.8880615234375
415,357,207,0.8880615234375
465,357,239,0.8880615234375
3,358,42,0.7049560546875
53,358,108,0.6988525390625
103,358,254,0.7049560546875
153,358,8,0.6988525390625
203,358,114,0.7049560546875
253,358,116,0.6988525390625
303,358,230,0.7049560546875
353,358,144,0.6988525390625
403,358,58,0.7049560546875
453,358,156,0.6988525390625
503,358,110,0.7049560546875
41,359,239,0.8880615234375
91,359,99,0.8880615234375
141,359,191,0.8880615234375
191,359,91,0.8880615234375
241,359,111,0.8880615234375
291,359,243,0.8880615234375
341,359,255,0.8880615234375
391,359,123,0.8880615234375
441,359,79,0.8880615234375
491,359,131,0.8880615234375
29,360,100,0.6988525390625
79,360,94,0.7049560546875
129,360,144,0.6988525390625
179,360,138,0.7049560546875
229,360,124,0.6988525390625
279,360,38,0.7049560546875
329,360,184,0.6988525390625
379,360,162,0.7049560546875
429,360,20,0.6988525390625
479,360,14,0.7049560546875
17,361,103,0.8880615234375
67,361,167,0.8880615234375
117,361,95,0.8880615234375
167,361,111,0.8880615234375
217,361,71,0.8880615234375
267,361,103,0.8880615234375
317,361,15,0.8880615234375
367,361,31,0.8880615234375
417,361,103,0.8880615234375
467,361,167,0.8880615234375
5,362,92,0.6988525390625
55,362,166,0.7049560546875
105,362,176,0.6988525390625
155,362,66,0.7049560546875
205,362,132,0.6988525390625
255,362,206,0.7049560546875
305,362,184,0.6988525390625
355,362,234,0.7049560546875
405,362,76,0.6988525390625
455,362,246,0.7049560546875
505,362,0,0.6988525390625
43,363,75,0.8880615234375
93,363,215,0.8880615234375
143,363,19,0.8880615234375
193,363,23,0.8880615234375
243,363,75,0.8880615234375
293,363,231,0.8880615234375
343,363,163,0.8880615234375
393,363,39,0.8880615234375
443,363,235,0.8880615234375
493,363,23,0.8880615234375
31,364,6,0.7049560546875
81,364,8,0.6988525390625
131,364,138,0.7049560546875
181,364,188,0.6988525390625
231,364,14,0.7049560546875
281,364,32,0.6988525390625
331,364,194,0.7049560546875
381,364,36,0.6988525390625
431,364,182,0.7049560546875
481,364,88,0.6988525390625
19,365,151,0.8880615234375
69,365,151,0.8880615234375
119,365,95,0.8880615234375
169,365,207,0.8880615234375
219,365,55,0.8880615234375
269,365,215,0.8880615234375
319,365,207,0.8880615234375
369,365,127,0.8880615234375
419,365,119,0.8880615234375
469,365,247,0.8880615234375
7,366,14,0.7049560546875
57,366,200,0.6988525390625
107,366,50,0.7049560546875
157,366,228,0.6988525390625
207,366,70,0.7049560546875
257,366,224,0.6988525390625
307,366,138,0.7049560546875
357,366,156,0.6988525390625
407,366,254,0.7049560546875
457,366,24,0.6988525390625
507,366,130,0.7049560546875
45,367,15,0.8880615234375
95,367,59,0.8880615234375
145,367,223,0.8880615234375
195,367,99,0.8880615234375
245,367,47,0.8880615234375
295,367,91,0.8880615234375
345,367,31,0.8880615234375
395,367,147,0.8880615234375
445,367,175,0.8880615234375
495,367,123,0.8880615234375
33,368,0,0.6988525390625
83,368,26,0.7049560546875
133,368,92,0.6988525390625
183,368,38,0.7049560546875
233,368,184,0.6988525390625
283,368,194,0.7049560546875
333,368,132,0.6988525390625
383,368,94,0.7049560546875
433,368,144,0.6988525390625
483,368,106,0.7049560546875
21,369,239,0.8880615234375
71,369,47,0.8880615234375
121,369,167,0.8880615234375
171,369,151,0.8880615234375
221,369,31,0.8880615234375
271,369,31,0.8880615234375
321,369,199,0.8880615234375
371,369,55,0.8880615234375
421,369,175,0.8880615234375
471,369,111,0.8880615234375
9,370,96,0.6988525390625
59,370,130,0.7049560546875
109,370,20,0.6988525390625
159,370,254,0.7049560546875
209,370,216,0.6988525390625
259,370,186,0.7049560546875
309,370,44,0.6988525390625
359,370,22,0.7049560546875
409,370,144,0.6988525390625
459,370,210,0.7049560546875
509,370,164,0.6988525390625
47,371,3,0.8880615234375
97,371,247,0.8880615234375
147,371,43,0.8880615234375
197,371,135,0.8880615234375
247,371,179,0.8880615234375
297,371,231,0.8880615234375
347,371,107,0.8880615234375
397,371,87,0.8880615234375
447,371,163,0.8880615234375
497,371,55,0.8880615234375
35,372,122,0.7049560546875
85,372,156,0.6988525390625
135,372,190,0.7049560546875
185,372,144,0.6988525390625
235,372,226,0.7049560546875
285,372,212,0.6988525390625
335,372,150,0.7049560546875
385,372,24,0.6988525390625
435,372,42,0.7049560546875
485,372,236,0.6988525390625
23,373,159,0.8880615234375
73,373,223,0.8880615234375
123,373,199,0.8880615234375
173,373,183,0.8880615234375
223,373,47,0.8880615234375
273,373,111,0.8880615234375
323,373,103,0.8880615234375
373,373,183,0.8880615234375
423,373,127,0.8880615234375
473,373,191,0.8880615234375
11,374,146,0.7049560546875
61,374,244,0.6988525390625
111,374,230,0.7049560546875
161,374,80,0.6988525390625
211,374,90,0.7049560546875
261,374,28,0.6988525390625
311,374,238,0.7049560546875
361,374,120,0.6988525390625
411,374,130,0.7049560546875
461,374,68,0.6988525390625
511,374,118,0.7049560546875
49,375,175,0.8880615234375
99,375,115,0.8880615234375
149,375,223,0.8880615234375
199,375,187,0.8880615234375
249,375,207,0.8880615234375
299,375,35,0.8880615234375
349,375,31,0.8880615234375
399,375,155,0.8880615234375
449,375,207,0.8880615234375
499,375,179,0.8880615234375
37,376,60,0.6988525390625
87,376,230,0.7049560546875
137,376,56,0.6988525390625
187,376,226,0.7049560546875
237,376,148,0.6988525390625
287,376,14,0.7049560546875
337,376,0,0.6988525390625
387,376,122,0.7049560546875
437,376,236,0.6988525390625
487,376,214,0.7049560546875
25,377,135,0.8880615234375
75,377,71,0.8880615234375
125,377,143,0.8880615234375
175,377,223,0.8880615234375
225,377,167,0.8880615234375
275,377,7,0.8880615234375
325,377,31,0.8880615234375
375,377,207,0.8880615234375
425,377,71,0.8880615234375
475,377,71,0.8880615234375
13,378,228,0.6988525390625
63,378,14,0.7049560546875
113,378,120,0.6988525390625
163,378,234,0.7049560546875
213,378,172,0.6988525390625
263,378,214,0.7049560546875
313,378,224,0.6988525390625
363,378,50,0.7049560546875
413,378,244,0.6988525390625
463,378,62,0.7049560546875
1,379,247,0.8880615234375
51,379,107,0.8880615234375
101,379,103,0.8880615234375
151,379,195,0.8880615234375
201,379,231,0.8880615234375
251,379,139,0.8880615234375
301,379,119,0.8880615234375
351,379,147,0.8880615234375
401,379,55,0.8880615234375
451,379,139,0.8880615234375
501,379,199,0.8880615234375
39,380,14,0.7049560546875
89,380,128,0.6988525390625
139,380,130,0.7049560546875
189,380,4,0.6988525390625
239,380,22,0.7049560546875
289,380,216,0.6988525390625
339,380,90,0.7049560546875
389,380,108,0.6988525390625
439,380,254,0.7049560546875
489,380,208,0.6988525390625
27,381,247,0.8880615234375
77,381,55,0.8880615234375
127,381,239,0.8880615234375
177,381,159,0.8880615234375
227,381,183,0.8880615234375
277,381,23,0.8880615234375
327,381,127,0.8880615234375
377,381,143,0.8880615234375
427,381,151,0.8880615234375
477,381,215,0.8880615234375
15,382,134,0.7049560546875
65,382,192,0.6988525390625
115,382,138,0.7049560546875
165,382,220,0.6988525390625
215,382,94,0.7049560546875
265,382,24,0.6988525390625
315,382,2,0.7049560546875
365,382,180,0.6988525390625
415,382,150,0.7049560546875
465,382,112,0.6988525390625
3,383,3,0.8880615234375
53,383,111,0.8880615234375
103,383,91,0.8880615234375
153,383,63,0.8880615234375
203,383,83,0.8880615234375
253,383,239,0.8880615234375
303,383,59,0.8880615234375
353,383,255,0.8880615234375
403,383,35,0.8880615234375
453,383,143,0.8880615234375
503,383,155,0.8880615234375
41,384,184,0.6988525390625
91,384,2,0.7049560546875
141,384,36,0.6988525390625
191,384,62,0.7049560546875
241,384,16,0.6988525390625
291,384,234,0.7049560546875
341,384,108,0.6988525390625
391,384,182,0.7049560546875
441,384,8,0.6988525390625
491,384,82,0.7049560546875
29,385,191,0.8880615234375
79,385,31,0.8880615234375
129,385,7,0.8880615234375
179,385,247,0.8880615234375
229,385,111,0.8880615234375
279,385,79,0.8880615234375
329,385,231,0.8880615234375
379,385,247,0.8880615234375
429,385,95,0.8880615234375
479,385,63,0.8880615234375
17,386,152,0.6988525390625
67,386,90,0.7049560546875
117,386,76,0.6988525390625
167,386,118,0.7049560546875
217,386,208,0.6988525390625
267,386,178,0.7049560546875
317,386,196,0.6988525390625
367,386,206,0.7049560546875
417,386,168,0.6988525390625
467,386,10,0.7049560546875
5,387,71,0.8880615234375
55,387,243,0.8880615234375
105,387,167,0.8880615234375
155,387,203,0.8880615234375
205,387,183,0.8880615234375
255,387,3,0.8880615234375
305,387,23,0.8880615234375
355,387,171,0.8880615234375
405,387,103,0.8880615234375
455,387,115,0.8880615234375
505,387,7,0.8880615234375
43,388,98,0.7049560546875
93,388,84,0.6988525390625
143,388,54,0.7049560546875
193,388,88,0.6988525390625
243,388,234,0.7049560546875
293,388,12,0.6988525390625
343,388,238,0.7049560546875
393,388,64,0.6988525390625
443,388,210,0.7049560546875
493,388,100,0.6988525390625
31,389,143,0.8880615234375
81,389,47,0.8880615234375
131,389,71,0.8880615234375
181,389,23,0.8880615234375
231,389,255,0.8880615234375
281,389,31,0.8880615234375
331,389,39,0.8880615234375
381,389,247,0.8880615234375
431,389,79,0.8880615234375
481,389,239,0.8880615234375
19,390,250,0.7049560546875
69,390,220,0.6988525390625
119,390,174,0.7049560546875
169,390,56,0.6988525390625
219,390,2,0.7049560546875
269,390,164,0.6988525390625
319,390,86,0.7049560546875
369,390,128,0.6988525390625
419,390,202,0.7049560546875
469,390,140,0.6988525390625
7,391,251,0.8880615234375
57,391,207,0.8880615234375
107,391,195,0.8880615234375
157,391,255,0.8880615234375
207,391,91,0.8880615234375
257,391,79,0.8880615234375
307,391,179,0.8880615234375
357,391,63,0.8880615234375
407,391,59,0.8880615234375
457,391,175,0.8880615234375
507,391,227,0.8880615234375
45,392,84,0.6988525390625
95,392,14,0.7049560546875
145,392,96,0.6988525390625
195,392,218,0.7049560546875
245,392,76,0.6988525390625
295,392,246,0.7049560546875
345,392,232,0.6988525390625
395,392,82,0.7049560546875
445,392,68,0.6988525390625
495,392,62,0.7049560546875
33,393,39,0.8880615234375
83,393,167,0.8880615234375
133,393,255,0.8880615234375
183,393,175,0.8880615234375
233,393,7,0.8880615234375
283,393,39,0.8880615234375
333,393,207,0.8880615234375
383,393,63,0.8880615234375
433,393,231,0.8880615234375
483,393,103,0.8880615234375
21,394,140,0.6988525390625
71,394,54,0.7049560546875
121,394,64,0.6988525390625
171,394,18,0.7049560546875
221,394,244,0.6988525390625
271,394,30,0.7049560546875
321,394,200,0.6988525390625
371,394,250,0.7049560546875
421,394,188,0.6988525390625
471,394,198,0.7049560546875
9,395,231,0.8880615234375
59,395,235,0.8880615234375
109,395,151,0.8880615234375
159,395,19,0.8880615234375
209,395,215,0.8880615234375
259,395,235,0.8880615234375
309,395,7,0.8880615234375
359,395,67,0.8880615234375
409,395,7,0.8880615234375
459,395,75,0.8880615234375
509,395,23,0.8880615234375
47,396,246,0.7049560546875
97,396,152,0.6988525390625
147,396,58,0.7049560546875
197,396,12,0.6988525390625
247,396,158,0.7049560546875
297,396,208,0.6988525390625
347,396,210,0.7049560546875
397,396,148,0.6988525390625
447,396,38,0.7049560546875
497,396,168,0.6988525390625
35,397,247,0.8880615234375
85,397,183,0.8880615234375
135,397,255,0.8880615234375
185,397,79,0.8880615234375
235,397,215,0.8880615234375
285,397,119,0.8880615234375
335,397,79,0.8880615234375
385,397,223,0.8880615234375
435,397,215,0.8880615234375
485,397,151,0.8880615234375
23,398,190,0.7049560546875
73,398,216,0.6988525390625
123,398,130,0.7049560546875
173,398,180,0.6988525390625
223,398,118,0.7049560546875
273,398,176,0.6988525390625
323,398,26,0.7049560546875
373,398,236,0.6988525390625
423,398,174,0.7049560546875
473,398,168,0.6988525390625
11,399,83,0.8880615234375
61,399,111,0.8880615234375
111,399,251,0.8880615234375
161,399,223,0.8880615234375
211,399,3,0.8880615234375
261,399,207,0.8880615234375
311,399,27,0.8880615234375
361,399,31,0.8880615234375
411,399,83,0.8880615234375
461,399,207,0.8880615234375
511,399,187,0.8880615234375
49,400,208,0.6988525390625
99,400,170,0.7049560546875
149,400,12,0.6988525390625
199,400,214,0.7049560546875
249,400,232,0.6988525390625
299,400,114,0.7049560546875
349,400,84,0.6988525390625
399,400,46,0.7049560546875
449,400,96,0.6988525390625
499,400,58,0.7049560546875
37,401,239,0.8880615234375
87,401,111,0.8880615234375
137,401,39,0.8880615234375
187,401,55,0.8880615234375
237,401,63,0.8880615234375
287,401,63,0.8880615234375
337,401,135,0.8880615234375
387,401,215,0.8880615234375
437,401,239,0.8880615234375
487,401,111,0.8880615234375
25,402,208,0.6988525390625
75,402,82,0.7049560546875
125,402,36,0.6988525390625
175,402,14,0.7049560546875
225,402,136,0.6988525390625
275,402,138,0.7049560546875
325,402,60,0.6988525390625
375,402,38,0.7049560546875
425,402,192,0.6988525390625
475,402,34,0.7049560546875
13,403,215,0.8880615234375
63,403,163,0.8880615234375
113,403,247,0.8880615234375
163,403,203,0.8880615234375
213,403,231,0.8880615234375
263,403,51,0.8880615234375
313,403,135,0.8880615234375
363,403,139,0.8880615234375
413,403,23,0.8880615234375
463,403,3,0.8880615234375
1,404,216,0.6988525390625
51,404,234,0.7049560546875
101,404,108,0.6988525390625
151,404,174,0.7049560546875
201,404,160,0.6988525390625
251,404,114,0.7049560546875
301,404,68,0.6988525390625
351,404,102,0.7049560546875
401,404,8,0.6988525390625
451,404,26,0.7049560546875
501,404,124,0.6988525390625
39,405,127,0.8880615234375
89,405,255,0.8880615234375
139,405,199,0.8880615234375
189,405,23,0.8880615234375
239,405,175,0.8880615234375
289,405,47,0.8880615234375
339,405,103,0.8880615234375
389,405,23,0.8880615234375
439,405,95,0.8880615234375
489,405,223,0.8880615234375
27,406,130,0.7049560546875
77,406,132,0.6988525390625
127,406,54,0.7049560546875
177,406,32,0.6988525390625
227,406,74,0.7049560546875
277,406,44,0.6988525390625
327,406,190,0.7049560546875
377,406,200,0.6988525390625
427,406,242,0.7049560546875
477,406,84,0.6988525390625
15,407,219,0.8880615234375
65,407,79,0.8880615234375
115,407,51,0.8880615234375
165,407,95,0.8880615234375
215,407,123,0.8880615234375
265,407,239,0.8880615234375
315,407,195,0.8880615234375
365,407,95,0.8880615234375
415,407,27,0.8880615234375
465,407,239,0.8880615234375
3,408,58,0.7049560546875
53,408,108,0.6988525390625
103,408,214,0.7049560546875
153,408,8,0.6988525390625
203,408,178,0.7049560546875
253,408,100,0.6988525390625
303,408,94,0.7049560546875
353,408,48,0.6988525390625
403,408,170,0.7049560546875
453,408,156,0.6988525390625
503,408,6,0.7049560546875
41,409,71,0.8880615234375
91,409,7,0.8880615234375
141,409,207,0.8880615234375
191,409,63,0.8880615234375
241,409,231,0.8880615234375
291,409,71,0.8880615234375
341,409,255,0.8880615234375
391,409,143,0.8880615234375
441,409,135,0.8880615234375
491,409,7,0.8880615234375
29,410,244,0.6988525390625
79,410,126,0.7049560546875
129,410,104,0.6988525390625
179,410,154,0.7049560546875
229,410,188,0.6988525390625
279,410,134,0.7049560546875
329,410,208,0.6988525390625
379,410,162,0.7049560546875
429,410,132,0.6988525390625
479,410,46,0.7049560546875
17,411,119,0.8880615234375
67,411,203,0.8880615234375
117,411,199,0.8880615234375
167,411,99,0.8880615234375
217,411,135,0.8880615234375
267,411,235,0.8880615234375
317,411,247,0.8880615234375
367,411,147,0.8880615234375
417,411,183,0.8880615234375
467,411,107,0.8880615234375
5,412,236,0.6988525390625
55,412,190,0.7049560546875
105,412,16,0.6988525390625
155,412,114,0.7049560546875
205,412,148,0.6988525390625
255,412,166,0.7049560546875
305,412,200,0.6988525390625
355,412,170,0.7049560546875
405,412,28,0.6988525390625
455,412,238,0.7049560546875
505,412,224,0.6988525390625
43,413,87,0.8880615234375
93,413,215,0.8880615234375
143,413,111,0.8880615234375
193,413,191,0.8880615234375
243,413,151,0.8880615234375
293,413,119,0.8880615234375
343,413,31,0.8880615234375
393,413,143,0.8880615234375
443,413,183,0.8880615234375
493,413,55,0.8880615234375
31,414,22,0.7049560546875
81,414,240,0.6988525390625
131,414,58,0.7049560546875
181,414,204,0.6988525390625
231,414,46,0.7049560546875
281,414,136,0.6988525390625
331,414,178,0.7049560546875
381,414,228,0.6988525390625
431,414,102,0.7049560546875
481,414,160,0.6988525390625
19,415,35,0.8880615234375
69,415,15,0.8880615234375
119,415,219,0.8880615234375
169,415,127,0.8880615234375
219,415,83,0.8880615234375
269,415,15,0.8880615234375
319,415,123,0.8880615234375
369,415,63,0.8880615234375
419,415,3,0.8880615234375
469,415,175,0.8880615234375
7,416,246,0.7049560546875
57,416,72,0.6988525390625
107,416,82,0.7049560546875
157,416,148,0.6988525390625
207,416,238,0.7049560546875
257,416,64,0.6988525390625
307,416,26,0.7049560546875
357,416,60,0.6988525390625
407,416,6,0.7049560546875
457,416,216,0.6988525390625
507,416,34,0.7049560546875
45,417,223,0.8880615234375
95,417,191,0.8880615234375
145,417,199,0.8880615234375
195,417,215,0.8880615234375
245,417,111,0.8880615234375
295,417,15,0.8880615234375
345,417,231,0.8880615234375
395,417,215,0.8880615234375
445,417,63,0.8880615234375
495,417,223,0.8880615234375
33,418,168,0.6988525390625
83,418,10,0.7049560546875
133,418,60,0.6988525390625
183,418,230,0.7049560546875
233,418,96,0.6988525390625
283,418,34,0.7049560546875
333,418,52,0.6988525390625
383,418,190,0.7049560546875
433,418,184,0.6988525390625
483,418,58,0.7049560546875
21,419,39,0.8880615234375
71,419,243,0.8880615234375
121,419,7,0.8880615234375
171,419,235,0.8880615234375
221,419,55,0.8880615234375
271,419,227,0.8880615234375
321,419,151,0.8880615234375
371,419,11,0.8880615234375
421,419,7,0.8880615234375
471,419,115,0.8880615234375
9,420,0,0.6988525390625
59,420,210,0.7049560546875
109,420,228,0.6988525390625
159,420,38,0.7049560546875
209,420,40,0.6988525390625
259,420,122,0.7049560546875
309,420,60,0.6988525390625
359,420,126,0.7049560546875
409,420,176,0.6988525390625
459,420,66,0.7049560546875
509,420,244,0.6988525390625
47,421,15,0.8880615234375
97,421,175,0.8880615234375
147,421,199,0.8880615234375
197,421,183,0.8880615234375
247,421,223,0.8880615234375
297,421,255,0.8880615234375
347,421,167,0.8880615234375
397,421,151,0.8880615234375
447,421,79,0.8880615234375
497,421,175,0.8880615234375
35,422,74,0.7049560546875
85,422,204,0.6988525390625
135,422,94,0.7049560546875
185,422,104,0.6988525390625
235,422,18,0.7049560546875
285,422,148,0.6988525390625
335,422,70,0.7049560546875
385,422,176,0.6988525390625
435,422,90,0.7049560546875
485,422,124,0.6988525390625
23,423,187,0.8880615234375
73,423,111,0.8880615234375
123,423,227,0.8880615234375
173,423,63,0.8880615234375
223,423,27,0.8880615234375
273,423,239,0.8880615234375
323,423,115,0.8880615234375
373,423,127,0.8880615234375
423,423,251,0.8880615234375
473,423,15,0.8880615234375
11,424,210,0.7049560546875
61,424,4,0.6988525390625
111,424,254,0.7049560546875
161,424,48,0.6988525390625
211,424,234,0.7049560546875
261,424,156,0.6988525390625
311,424,134,0.7049560546875
361,424,24,0.6988525390625
411,424,2,0.7049560546875
461,424,116,0.6988525390625
511,424,238,0.7049560546875
49,425,39,0.8880615234375
99,425,231,0.8880615234375
149,425,95,0.8880615234375
199,425,47,0.8880615234375
249,425,71,0.8880615234375
299,425,39,0.8880615234375
349,425,143,0.8880615234375
399,425,159,0.8880615234375
449,425,39,0.8880615234375
499,425,231,0.8880615234375
37,426,60,0.6988525390625
87,426,198,0.7049560546875
137,426,16,0.6988525390625
187,426,98,0.7049560546875
237,426,228,0.6988525390625
287,426,174,0.7049560546875
337,426,24,0.6988525390625
387,426,202,0.7049560546875
437,426,44,0.6988525390625
487,426,22,0.7049560546875
25,427,7,0.8880615234375
75,427,139,0.8880615234375
125,427,151,0.8880615234375
175,427,211,0.8880615234375
225,427,87,0.8880615234375
275,427,11,0.8880615234375
325,427,231,0.8880615234375
375,427,35,0.8880615234375
425,427,39,0.8880615234375
475,427,235,0.8880615234375
13,428,212,0.6988525390625
63,428,230,0.7049560546875
113,428,40,0.6988525390625
163,428,170,0.7049560546875
213,428,156,0.6988525390625
263,428,110,0.7049560546875
313,428,192,0.6988525390625
363,428,226,0.7049560546875
413,428,4,0.6988525390625
463,428,86,0.7049560546875
1,429,95,0.8880615234375
51,429,151,0.8880615234375
101,429,151,0.8880615234375
151,429,95,0.8880615234375
201,429,79,0.8880615234375
251,429,119,0.8880615234375
301,429,215,0.8880615234375
351,429,207,0.8880615234375
401,429,63,0.8880615234375
451,429,183,0.8880615234375
501,429,183,0.8880615234375
39,430,110,0.7049560546875
89,430,168,0.6988525390625
139,430,18,0.7049560546875
189,430,68,0.6988525390625
239,430,38,0.7049560546875
289,430,0,0.6988525390625
339,430,106,0.7049560546875
389,430,188,0.6988525390625
439,430,94,0.7049560546875
489,430,248,0.6988525390625
27,431,19,0.8880615234375
77,431,79,0.8880615234375
127,431,59,0.8880615234375
177,431,159,0.8880615234375
227,431,227,0.8880615234375
277,431,175,0.8880615234375
327,431,27,0.8880615234375
377,431,223,0.8880615234375
427,431,211,0.8880615234375
477,431,47,0.8880615234375
15,432,110,0.7049560546875
65,432,96,0.6988525390625
115,432,250,0.7049560546875
165,432,252,0.6988525390625
215,432,134,0.7049560546875
265,432,88,0.6988525390625
315,432,162,0.7049560546875
365,432,36,0.6988525390625
415,432,254,0.7049560546875
465,432,48,0.6988525390625
3,433,23,0.8880615234375
53,433,175,0.8880615234375
103,433,111,0.8880615234375
153,433,103,0.8880615234375
203,433,23,0.8880615234375
253,433,159,0.8880615234375
303,433,159,0.8880615234375
353,433,71,0.8880615234375
403,433,247,0.8880615234375
453,433,239,0.8880615234375
503,433,175,0.8880615234375
41,434,0,0.6988525390625
91,434,226,0.7049560546875
141,434,180,0.6988525390625
191,434,222,0.7049560546875
241,434,248,0.6988525390625
291,434,90,0.7049560546875
341,434,76,0.6988525390625
391,434,182,0.7049560546875
441,434,48,0.6988525390625
491,434,50,0.7049560546875
29,435,151,0.8880615234375
79,435,67,0.8880615234375
129,435,247,0.8880615234375
179,435,171,0.8880615234375
229,435,199,0.8880615234375
279,435,179,0.8880615234375
329,435,231,0.8880615234375
379,435,107,0.8880615234375
429,435,151,0.8880615234375
479,435,163,0.8880615234375
17,436,72,0.6988525390625
67,436,154,0.7049560546875
117,436,252,0.6988525390625
167,436,158,0.7049560546875
217,436,176,0.6988525390625
267,436,130,0.7049560546875
317,436,52,0.6988525390625
367,436,246,0.7049560546875
417,436,56,0.6988525390625
467,436,10,0.7049560546875
5,437,23,0.8880615234375
55,437,159,0.8880615234375
105,437,223,0.8880615234375
155,437,199,0.8880615234375
205,437,119,0.8880615234375
255,437,111,0.8880615234375
305,437,175,0.8880615234375
355,437,39,0.8880615234375
405,437,247,0.8880615234375
455,437,191,0.8880615234375
505,437,255,0.8880615234375
43,438,178,0.7049560546875
93,438,148,0.6988525390625
143,438,6,0.7049560546875
193,438,240,0.6988525390625
243,438,250,0.7049560546875
293,438,124,0.6988525390625
343,438,142,0.7049560546875
393,438,216,0.6988525390625
443,438,162,0.7049560546875
493,438,228,0.6988525390625
31,439,219,0.8880615234375
81,439,47,0.8880615234375
131,439,243,0.8880615234375
181,439,159,0.8880615234375
231,439,59,0.8880615234375
281,439,15,0.8880615234375
331,439,163,0.8880615234375
381,439,223,0.8880615234375
431,439,219,0.8880615234375
481,439,143,0.8880615234375
19,440,106,0.7049560546875
69,440,92,0.6988525390625
119,440,6,0.7049560546875
169,440,88,0.6988525390625
219,440,66,0.7049560546875
269,440,52,0.6988525390625
319,440,110,0.7049560546875
369,440,224,0.6988525390625
419,440,218,0.7049560546875
469,440,76,0.6988525390625
7,441,207,0.8880615234375
57,441,7,0.8880615234375
107,441,71,0.8880615234375
157,441,15,0.8880615234375
207,441,95,0.8880615234375
257,441,103,0.8880615234375
307,441,135,0.8880615234375
357,441,159,0.8880615234375
407,441,79,0.8880615234375
457,441,199,0.8880615234375
507,441,71,0.8880615234375
45,442,196,0.6988525390625
95,442,110,0.7049560546875
145,442,24,0.6988525390625
195,442,202,0.7049560546875
245,442,12,0.6988525390625
295,442,246,0.7049560546875
345,442,0,0.6988525390625
395,442,210,0.7049560546875
445,442,212,0.6988525390625
495,442,158,0.7049560546875
33,443,247,0.8880615234375
83,443,107,0.8880615234375
133,443,103,0.8880615234375
183,443,3,0.8880615234375
233,443,231,0.8880615234375
283,443,75,0.8880615234375
333,443,119,0.8880615234375
383,443,211,0.8880615234375
433,443,183,0.8880615234375
483,443,203,0.8880615234375
21,444,220,0.6988525390625
71,444,46,0.7049560546875
121,444,224,0.6988525390625
171,444,98,0.7049560546875
221,444,36,0.6988525390625
271,444,54,0.7049560546875
321,444,56,0.6988525390625
371,444,58,0.7049560546875
421,444,140,0.6988525390625
471,444,222,0.7049560546875
9,445,15,0.8880615234375
59,445,55,0.8880615234375
109,445,119,0.8880615234375
159,445,47,0.8880615234375
209,445,159,0.8880615234375
259,445,247,0.8880615234375
309,445,23,0.8880615234375
359,445,63,0.8880615234375
409,445,143,0.8880615234375
459,445,151,0.8880615234375
509,445,87,0.8880615234375
47,446,166,0.7049560546875
97,446,160,0.6988525390625
147,446,234,0.7049560546875
197,446,188,0.6988525390625
247,446,254,0.7049560546875
297,446,56,0.6988525390625
347,446,226,0.7049560546875
397,446,212,0.6988525390625
447,446,182,0.7049560546875
497,446,208,0.6988525390625
35,447,67,0.8880615234375
85,447,239,0.8880615234375
135,447,155,0.8880615234375
185,447,63,0.8880615234375
235,447,147,0.8880615234375
285,447,111,0.8880615234375
335,447,187,0.8880615234375
385,447,127,0.8880615234375
435,447,35,0.8880615234375
485,447,79,0.8880615234375
23,448,6,0.7049560546875
73,448,24,0.6988525390625
123,448,226,0.7049560546875
173,448,68,0.6988525390625
223,448,158,0.7049560546875
273,448,176,0.6988525390625
323,448,74,0.7049560546875
373,448,140,0.6988525390625
423,448,214,0.7049560546875
473,448,168,0.6988525390625
11,449,23,0.8880615234375
61,449,255,0.8880615234375
111,449,159,0.8880615234375
161,449,135,0.8880615234375
211,449,55,0.8880615234375
261,449,47,0.8880615234375
311,449,79,0.8880615234375
361,449,39,0.8880615234375
411,449,183,0.8880615234375
461,449,223,0.8880615234375
511,449,255,0.8880615234375
49,450,56,0.6988525390625
99,450,122,0.7049560546875
149,450,44,0.6988525390625
199,450,150,0.7049560546875
249,450,240,0.6988525390625
299,450,18,0.7049560546875
349,450,36,0.6988525390625
399,450,174,0.7049560546875
449,450,200,0.6988525390625
499,450,170,0.7049560546875
37,451,135,0.8880615234375
87,451,243,0.8880615234375
137,451,167,0.8880615234375
187,451,11,0.8880615234375
237,451,55,0.8880615234375
287,451,195,0.8880615234375
337,451,87,0.8880615234375
387,451,171,0.8880615234375
437,451,103,0.8880615234375
487,451,115,0.8880615234375
25,452,48,0.6988525390625
75,452,66,0.7049560546875
125,452,116,0.6988525390625
175,452,214,0.7049560546875
225,452,56,0.6988525390625
275,452,202,0.7049560546875
325,452,44,0.6988525390625
375,452,142,0.7049560546875
425,452,160,0.6988525390625
475,452,242,0.7049560546875
13,453,151,0.8880615234375
63,453,143,0.8880615234375
113,453,111,0.8880615234375
163,453,199,0.8880615234375
213,453,23,0.8880615234375
263,453,63,0.8880615234375
313,453,31,0.8880615234375
363,453,103,0.8880615234375
413,453,55,0.8880615234375
463,453,79,0.8880615234375
1,454,176,0.6988525390625
51,454,90,0.7049560546875
101,454,124,0.6988525390625
151,454,206,0.7049560546875
201,454,216,0.6988525390625
251,454,98,0.7049560546875
301,454,132,0.6988525390625
351,454,246,0.7049560546875
401,454,224,0.6988525390625
451,454,170,0.7049560546875
501,454,172,0.6988525390625
39,455,123,0.8880615234375
89,455,15,0.8880615234375
139,455,3,0.8880615234375
189,455,127,0.8880615234375
239,455,155,0.8880615234375
289,455,15,0.8880615234375
339,455,51,0.8880615234375
389,455,191,0.8880615234375
439,455,59,0.8880615234375
489,455,175,0.8880615234375
27,456,130,0.7049560546875
77,456,244,0.6988525390625
127,456,174,0.7049560546875
177,456,0,0.6988525390625
227,456,58,0.7049560546875
277,456,236,0.6988525390625
327,456,86,0.7049560546875
377,456,72,0.6988525390625
427,456,50,0.7049560546875
477,456,164,0.6988525390625
15,457,223,0.8880615234375
65,457,103,0.8880615234375
115,457,103,0.8880615234375
165,457,191,0.8880615234375
215,457,111,0.8880615234375
265,457,135,0.8880615234375
315,457,103,0.8880615234375
365,457,207,0.8880615234375
415,457,127,0.8880615234375
465,457,39,0.8880615234375
3,458,74,0.7049560546875
53,458,44,0.6988525390625
103,458,150,0.7049560546875
153,458,96,0.6988525390625
203,458,114,0.7049560546875
253,458,148,0.6988525390625
303,458,190,0.7049560546875
353,458,232,0.6988525390625
403,458,154,0.7049560546875
453,458,220,0.6988525390625
503,458,166,0.7049560546875
41,459,231,0.8880615234375
91,459,235,0.8880615234375
141,459,87,0.8880615234375
191,459,83,0.8880615234375
241,459,151,0.8880615234375
291,459,235,0.8880615234375
341,459,71,0.8880615234375
391,459,3,0.8880615234375
441,459,71,0.8880615234375
491,459,11,0.8880615234375
29,460,196,0.6988525390625
79,460,214,0.7049560546875
129,460,184,0.6988525390625
179,460,218,0.7049560546875
229,460,108,0.6988525390625
279,460,126,0.7049560546875
329,460,240,0.6988525390625
379,460,242,0.7049560546875
429,460,116,0.6988525390625
479,460,70,0.7049560546875
17,461,255,0.8880615234375
67,461,183,0.8880615234375
117,461,247,0.8880615234375
167,461,63,0.8880615234375
217,461,207,0.8880615234375
267,461,215,0.8880615234375
317,461,55,0.8880615234375
367,461,207,0.8880615234375
417,461,95,0.8880615234375
467,461,87,0.8880615234375
5,462,60,0.6988525390625
55,462,94,0.7049560546875
105,462,120,0.6988525390625
155,462,162,0.7049560546875
205,462,84,0.6988525390625
255,462,150,0.7049560546875
305,462,144,0.6988525390625
355,462,58,0.7049560546875
405,462,76,0.6988525390625
455,462,78,0.7049560546875
505,462,200,0.6988525390625
43,463,19,0.8880615234375
93,463,239,0.8880615234375
143,463,123,0.8880615234375
193,463,159,0.8880615234375
243,463,67,0.8880615234375
293,463,143,0.8880615234375
343,463,219,0.8880615234375
393,463,95,0.8880615234375
443,463,19,0.8880615234375
493,463,15,0.8880615234375
31,464,190,0.7049560546875
81,464,48,0.6988525390625
131,464,10,0.7049560546875
181,464,172,0.6988525390625
231,464,54,0.7049560546875
281,464,136,0.6988525390625
331,464,210,0.7049560546875
381,464,244,0.6988525390625
431,464,78,0.7049560546875
481,464,128,0.6988525390625
19,465,119,0.8880615234375
69,465,47,0.8880615234375
119,465,47,0.8880615234375
169,465,103,0.8880615234375
219,465,247,0.8880615234375
269,465,255,0.8880615234375
319,465,127,0.8880615234375
369,465,7,0.8880615234375
419,465,215,0.8880615234375
469,465,47,0.8880615234375
7,466,118,0.7049560546875
57,466,48,0.6988525390625
107,466,114,0.7049560546875
157,466,132,0.6988525390625
207,466,174,0.7049560546875
257,466,104,0.6988525390625
307,466,234,0.7049560546875
357,466,156,0.6988525390625
407,466,134,0.7049560546875
457,466,32,0.6988525390625
507,466,194,0.7049560546875
45,467,23,0.8880615234375
95,467,35,0.8880615234375
145,467,247,0.8880615234375
195,467,11,0.8880615234375
245,467,231,0.8880615234375
295,467,179,0.8880615234375
345,467,199,0.8880615234375
395,467,75,0.8880615234375
445,467,87,0.8880615234375
495,467,195,0.8880615234375
33,468,56,0.6988525390625
83,468,138,0.7049560546875
133,468,76,0.6988525390625
183,468,142,0.7049560546875
233,468,192,0.6988525390625
283,468,146,0.7049560546875
333,468,36,0.6988525390625
383,468,70,0.7049560546875
433,468,40,0.6988525390625
483,468,122,0.7049560546875
21,469,183,0.8880615234375
71,469,63,0.8880615234375
121,469,63,0.8880615234375
171,469,199,0.8880615234375
221,469,23,0.8880615234375
271,469,111,0.8880615234375
321,469,239,0.8880615234375
371,469,167,0.8880615234375
421,469,23,0.8880615234375
471,469,223,0.8880615234375
9,470,24,0.6988525390625
59,470,98,0.7049560546875
109,470,228,0.6988525390625
159,470,22,0.7049560546875
209,470,0,0.6988525390625
259,470,170,0.7049560546875
309,470,204,0.6988525390625
359,470,158,0.7049560546875
409,470,104,0.6988525390625
459,470,82,0.7049560546875
509,470,180,0.6988525390625
47,471,155,0.8880615234375
97,471,143,0.8880615234375
147,471,51,0.8880615234375
197,471,31,0.8880615234375
247,471,251,0.8880615234375
297,471,111,0.8880615234375
347,471,3,0.8880615234375
397,471,31,0.8880615234375
447,471,219,0.8880615234375
497,471,111,0.8880615234375
35,472,90,0.7049560546875
85,472,140,0.6988525390625
135,472,118,0.7049560546875
185,472,168,0.6988525390625
235,472,18,0.7049560546875
285,472,4,0.6988525390625
335,472,190,0.7049560546875
385,472,144,0.6988525390625
435,472,10,0.7049560546875
485,472,124,0.6988525390625
23,473,143,0.8880615234375
73,473,71,0.8880615234375
123,473,135,0.8880615234375
173,473,79,0.8880615234375
223,473,255,0.8880615234375
273,473,167,0.8880615234375
323,473,199,0.8880615234375
373,473,191,0.8880615234375
423,473,15,0.8880615234375
473,473,7,0.8880615234375
11,474,210,0.7049560546875
61,474,20,0.6988525390625
111,474,30,0.7049560546875
161,474,72,0.6988525390625
211,474,58,0.7049560546875
261,474,92,0.6988525390625
311,474,230,0.7049560546875
361,474,176,0.6988525390625
411,474,2,0.7049560546875
461,474,36,0.6988525390625
511,474,206,0.7049560546875
49,475,119,0.8880615234375
99,475,139,0.8880615234375
149,475,7,0.8880615234375
199,475,99,0.8880615234375
249,475,71,0.8880615234375
299,475,235,0.8880615234375
349,475,247,0.8880615234375
399,475,83,0.8880615234375
449,475,183,0.8880615234375
499,475,107,0.8880615234375
37,476,204,0.6988525390625
87,476,222,0.7049560546875
137,476,240,0.6988525390625
187,476,82,0.7049560546875
237,476,180,0.6988525390625
287,476,70,0.7049560546875
337,476,168,0.6988525390625
387,476,138,0.7049560546875
437,476,60,0.6988525390625
487,476,206,0.7049560546875
25,477,15,0.8880615234375
75,477,215,0.8880615234375
125,477,215,0.8880615234375
175,477,47,0.8880615234375
225,477,255,0.8880615234375
275,477,151,0.8880615234375
325,477,55,0.8880615234375
375,477,31,0.8880615234375
425,477,143,0.8880615234375
475,477,247,0.8880615234375
13,478,20,0.6988525390625
63,478,246,0.7049560546875
113,478,16,0.6988525390625
163,478,218,0.7049560546875
213,478,108,0.6988525390625
263,478,14,0.7049560546875
313,478,104,0.6988525390625
363,478,210,0.7049560546875
413,478,68,0.6988525390625
463,478,198,0.7049560546875
1,479,63,0.8880615234375
51,479,163,0.8880615234375
101,479,79,0.8880615234375
151,479,155,0.8880615234375
201,479,255,0.8880615234375
251,479,147,0.8880615234375
301,479,207,0.8880615234375
351,479,251,0.8880615234375
401,479,63,0.8880615234375
451,479,195,0.8880615234375
501,479,47,0.8880615234375
39,480,86,0.7049560546875
89,480,168,0.6988525390625
139,480,50,0.7049560546875
189,480,52,0.6988525390625
239,480,78,0.7049560546875
289,480,224,0.6988525390625
339,480,250,0.7049560546875
389,480,92,0.6988525390625
439,480,166,0.7049560546875
489,480,120,0.6988525390625
27,481,55,0.8880615234375
77,481,223,0.8880615234375
127,481,255,0.8880615234375
177,481,71,0.8880615234375
227,481,87,0.8880615234375
277,481,47,0.8880615234375
327,481,143,0.8880615234375
377,481,167,0.8880615234375
427,481,87,0.8880615234375
477,481,255,0.8880615234375
15,482,238,0.7049560546875
65,482,8,0.6988525390625
115,482,234,0.7049560546875
165,482,92,0.6988525390625
215,482,198,0.7049560546875
265,482,64,0.6988525390625
315,482,66,0.7049560546875
365,482,212,0.6988525390625
415,482,222,0.7049560546875
465,482,24,0.6988525390625
3,483,171,0.8880615234375
53,483,39,0.8880615234375
103,483,243,0.8880615234375
153,483,199,0.8880615234375
203,483,235,0.8880615234375
253,483,183,0.8880615234375
303,483,227,0.8880615234375
353,483,87,0.8880615234375
403,483,203,0.8880615234375
453,483,71,0.8880615234375
503,483,115,0.8880615234375
41,484,32,0.6988525390625
91,484,178,0.7049560546875
141,484,4,0.6988525390625
191,484,70,0.7049560546875
241,484,8,0.6988525390625
291,484,90,0.7049560546875
341,484,92,0.6988525390625
391,484,158,0.7049560546875
441,484,144,0.6988525390625
491,484,98,0.7049560546875
29,485,247,0.8880615234375
79,485,15,0.8880615234375
129,485,111,0.8880615234375
179,485,199,0.8880615234375
229,485,247,0.8880615234375
279,485,95,0.8880615234375
329,485,191,0.8880615234375
379,485,103,0.8880615234375
429,485,151,0.8880615234375
479,485,79,0.8880615234375
17,486,96,0.6988525390625
67,486,234,0.7049560546875
117,486,44,0.6988525390625
167,486,62,0.7049560546875
217,486,200,0.6988525390625
267,486,50,0.7049560546875
317,486,180,0.6988525390625
367,486,166,0.7049560546875
417,486,80,0.6988525390625
467,486,250,0.7049560546875
5,487,255,0.8880615234375
55,487,59,0.8880615234375
105,487,239,0.8880615234375
155,487,99,0.8880615234375
205,487,63,0.8880615234375
255,487,91,0.8880615234375
305,487,111,0.8880615234375
355,487,243,0.8880615234375
405,487,255,0.8880615234375
455,487,123,0.8880615234375
505,487,79,0.8880615234375
43,488,114,0.7049560546875
93,488,164,0.6988525390625
143,488,158,0.7049560546875
193,488,208,0.6988525390625
243,488,74,0.7049560546875
293,488,60,0.6988525390625
343,488,102,0.7049560546875
393,488,120,0.6988525390625
443,488,226,0.7049560546875
493,488,212,0.6988525390625
31,489,127,0.8880615234375
81,489,231,0.8880615234375
131,489,167,0.8880615234375
181,489,223,0.8880615234375
231,489,239,0.8880615234375
281,489,199,0.8880615234375
331,489,231,0.8880615234375
381,489,15,0.8880615234375
431,489,31,0.8880615234375
481,489,231,0.8880615234375
19,490,154,0.7049560546875
69,490,156,0.6988525390625
119,490,230,0.7049560546875
169,490,112,0.6988525390625
219,490,2,0.7049560546875
269,490,196,0.6988525390625
319,490,14,0.7049560546875
369,490,248,0.6988525390625
419,490,42,0.7049560546875
469,490,140,0.6988525390625
7,491,195,0.8880615234375
57,491,71,0.8880615234375
107,491,75,0.8880615234375
157,491,215,0.8880615234375
207,491,147,0.8880615234375
257,491,151,0.8880615234375
307,491,75,0.8880615234375
357,491,231,0.8880615234375
407,491,35,0.8880615234375
457,491,167,0.8880615234375
507,491,235,0.8880615234375
45,492,244,0.6988525390625
95,492,198,0.7049560546875
145,492,200,0.6988525390625
195,492,202,0.7049560546875
245,492,124,0.6988525390625
295,492,78,0.7049560546875
345,492,224,0.6988525390625
395,492,2,0.7049560546875
445,492,100,0.6988525390625
495,492,118,0.7049560546875
33,493,95,0.8880615234375
83,493,151,0.8880615234375
133,493,151,0.8880615234375
183,493,223,0.8880615234375
233,493,79,0.8880615234375
283,493,55,0.8880615234375
333,493,87,0.8880615234375
383,493,79,0.8880615234375
433,493,255,0.8880615234375
483,493,247,0.8880615234375
21,494,140,0.6988525390625
71,494,206,0.7049560546875
121,494,136,0.6988525390625
171,494,242,0.7049560546875
221,494,164,0.6988525390625
271,494,6,0.7049560546875
321,494,32,0.6988525390625
371,494,202,0.7049560546875
421,494,92,0.6988525390625
471,494,190,0.7049560546875
9,495,95,0.8880615234375
59,495,211,0.8880615234375
109,495,143,0.8880615234375
159,495,187,0.8880615234375
209,495,223,0.8880615234375
259,495,99,0.8880615234375
309,495,175,0.8880615234375
359,495,91,0.8880615234375
409,495,159,0.8880615234375
459,495,19,0.8880615234375
509,495,47,0.8880615234375
47,496,206,0.7049560546875
97,496,192,0.6988525390625
147,496,90,0.7049560546875
197,496,28,0.6988525390625
247,496,230,0.7049560546875
297,496,248,0.6988525390625
347,496,2,0.7049560546875
397,496,68,0.6988525390625
447,496,30,0.7049560546875
497,496,80,0.6988525390625
35,497,151,0.8880615234375
85,497,111,0.8880615234375
135,497,47,0.8880615234375
185,497,167,0.8880615234375
235,497,151,0.8880615234375
285,497,31,0.8880615234375
335,497,31,0.8880615234375
385,497,71,0.8880615234375
435,497,55,0.8880615234375
485,497,175,0.8880615234375
23,498,6,0.7049560546875
73,498,160,0.6988525390625
123,498,194,0.7049560546875
173,498,212,0.6988525390625
223,498,190,0.7049560546875
273,498,24,0.6988525390625
323,498,122,0.7049560546875
373,498,108,0.6988525390625
423,498,214,0.7049560546875
473,498,208,0.6988525390625
11,499,139,0.8880615234375
61,499,215,0.8880615234375
111,499,131,0.8880615234375
161,499,247,0.8880615234375
211,499,171,0.8880615234375
261,499,7,0.8880615234375
311,499,51,0.8880615234375
361,499,231,0.8880615234375
411,499,107,0.8880615234375
461,499,87,0.8880615234375
511,499,35,0.8880615234375
49,500,40,0.6988525390625
99,500,186,0.7049560546875
149,500,220,0.6988525390625
199,500,254,0.7049560546875
249,500,80,0.6988525390625
299,500,162,0.7049560546875
349,500,20,0.6988525390625
399,500,214,0.7049560546875
449,500,88,0.6988525390625
499,500,234,0.7049560546875
37,501,23,0.8880615234375
87,501,159,0.8880615234375
137,501,95,0.8880615234375
187,501,71,0.8880615234375
237,501,183,0.8880615234375
287,501,47,0.8880615234375
337,501,239,0.8880615234375
387,501,231,0.8880615234375
437,501,183,0.8880615234375
487,501,255,0.8880615234375
25,502,232,0.6988525390625
75,502,210,0.7049560546875
125,502,180,0.6988525390625
175,502,38,0.7049560546875
225,502,16,0.6988525390625
275,502,154,0.7049560546875
325,502,220,0.6988525390625
375,502,174,0.7049560546875
425,502,184,0.6988525390625
475,502,194,0.7049560546875
13,503,159,0.8880615234375
63,503,27,0.8880615234375
113,503,47,0.8880615234375
163,503,115,0.8880615234375
213,503,223,0.8880615234375
263,503,59,0.8880615234375
313,503,207,0.8880615234375
363,503,163,0.8880615234375
413,503,159,0.8880615234375
463,503,27,0.8880615234375
1,504,208,0.6988525390625
51,504,138,0.7049560546875
101,504,252,0.6988525390625
151,504,166,0.7049560546875
201,504,248,0.6988525390625
251,504,34,0.7049560546875
301,504,212,0.6988525390625
351,504,206,0.7049560546875
401,504,64,0.6988525390625
451,504,58,0.7049560546875
501,504,44,0.6988525390625
39,505,207,0.8880615234375
89,505,135,0.8880615234375
139,505,199,0.8880615234375
189,505,143,0.8880615234375
239,505,95,0.8880615234375
289,505,167,0.8880615234375
339,505,7,0.8880615234375
389,505,31,0.8880615234375
439,505,79,0.8880615234375
489,505,199,0.8880615234375
27,506,2,0.7049560546875
77,506,164,0.6988525390625
127,506,78,0.7049560546875
177,506,184,0.6988525390625
227,506,170,0.7049560546875
277,506,108,0.6988525390625
327,506,150,0.7049560546875
377,506,160,0.6988525390625
427,506,242,0.7049560546875
477,506,180,0.6988525390625
15,507,19,0.8880615234375
65,507,247,0.8880615234375
115,507,107,0.8880615234375
165,507,103,0.8880615234375
215,507,195,0.8880615234375
265,507,231,0.8880615234375
315,507,11,0.8880615234375
365,507,119,0.8880615234375
415,507,19,0.8880615234375
465,507,183,0.8880615234375
3,508,10,0.7049560546875
53,508,188,0.6988525390625
103,508,206,0.7049560546875
153,508,192,0.6988525390625
203,508,66,0.7049560546875
253,508,196,0.6988525390625
303,508,86,0.7049560546875
353,508,24,0.6988525390625
403,508,26,0.7049560546875
453,508,172,0.6988525390625
503,508,62,0.7049560546875
41,509,15,0.8880615234375
91,509,119,0.8880615234375
141,509,55,0.8880615234375
191,509,111,0.8880615234375
241,509,159,0.8880615234375
291,509,183,0.8880615234375
341,509,23,0.8880615234375
391,509,255,0.8880615234375
441,509,143,0.8880615234375
491,509,151,0.8880615234375
29,510,132,0.6988525390625
79,510,198,0.7049560546875
129,510,128,0.6988525390625
179,510,74,0.7049560546875
229,510,156,0.6988525390625
279,510,158,0.7049560546875
329,510,88,0.6988525390625
379,510,66,0.7049560546875
429,510,116,0.6988525390625
479,510,214,0.7049560546875
17,511,255,0.8880615234375
67,511,131,0.8880615234375
117,511,111,0.8880615234375
167,511,91,0.8880615234375
217,511,191,0.8880615234375
267,511,83,0.8880615234375
317,511,239,0.8880615234375
367,511,187,0.8880615234375
417,511,255,0.8880615234375
467,511,163,0.8880615234375
